"player_id","team_id","position_id"
"878","6","2"
"897","11","2"
"789","18","1"
"233","20","1"
"579","20","1"
"118","14","3"
"115","19","2"
"901","28","2"
"838","11","3"
"806","9","2"
"522","9","2"
"88","28","2"
"786","10","1"
"672","29","1"
"421","34","2"
"903","14","2"
"633","17","3"
"656","33","3"
"575","30","1"
"584","15","2"
"483","14","1"
"309","6","1"
"519","7","1"
"490","3","1"
"842","13","3"
"710","10","3"
"912","31","3"
"419","10","3"
"80","29","2"
"83","12","2"
"375","23","1"
"195","33","1"
"208","23","3"
"727","28","2"
"208","30","2"
"61","20","1"
"568","6","2"
"133","5","2"
"182","1","1"
"643","31","1"
"565","14","3"
"851","27","2"
"514","8","3"
"229","14","2"
"904","4","2"
"751","28","2"
"229","2","2"
"886","14","3"
"578","19","1"
"531","3","1"
"993","19","3"
"1033","13","1"
"309","30","1"
"999","11","2"
"402","34","2"
"267","26","1"
"550","17","2"
"350","9","3"
"998","29","2"
"803","17","3"
"531","8","2"
"609","2","2"
"827","31","2"
"137","32","2"
"140","12","1"
"399","3","1"
"878","14","3"
"639","8","2"
"248","14","1"
"762","32","2"
"791","17","1"
"55","13","3"
"557","3","2"
"764","1","1"
"787","23","1"
"883","11","1"
"333","1","3"
"673","10","1"
"1044","15","2"
"167","30","2"
"810","18","2"
"433","30","3"
"921","13","2"
"388","9","2"
"511","27","3"
"6","27","3"
"922","28","1"
"29","27","1"
"885","6","1"
"195","4","1"
"898","28","3"
"175","7","2"
"1011","32","3"
"630","15","3"
"667","14","2"
"452","14","1"
"69","13","2"
"155","1","2"
"727","7","2"
"480","30","2"
"511","14","2"
"963","26","2"
"607","27","2"
"347","3","2"
"278","4","3"
"599","21","3"
"480","20","2"
"399","34","1"
"276","14","1"
"406","4","2"
"69","13","1"
"882","14","1"
"559","30","2"
"404","7","2"
"390","14","1"
"598","2","2"
"655","6","3"
"951","13","2"
"11","19","2"
"6","23","3"
"730","12","1"
"279","16","2"
"441","32","1"
"638","20","3"
"110","9","1"
"358","29","2"
"81","31","1"
"145","11","1"
"167","17","2"
"909","30","1"
"210","14","2"
"147","13","1"
"1025","4","1"
"631","17","3"
"899","10","2"
"51","7","1"
"536","33","2"
"960","32","3"
"990","18","2"
"181","18","1"
"609","17","1"
"645","16","1"
"47","24","3"
"878","14","2"
"54","17","1"
"770","8","1"
"698","13","1"
"115","19","3"
"1019","22","2"
"709","7","1"
"794","34","3"
"1036","9","2"
"24","14","1"
"631","1","2"
"583","13","1"
"491","16","2"
"1042","14","1"
"672","11","1"
"906","33","1"
"603","32","2"
"657","6","1"
"770","8","2"
"473","31","2"
"537","18","1"
"758","6","1"
"593","14","2"
"331","1","3"
"63","25","1"
"370","14","1"
"797","28","1"
"838","14","3"
"510","20","3"
"758","32","1"
"1037","5","2"
"645","13","1"
"871","21","2"
"6","14","3"
"696","29","2"
"483","30","1"
"540","9","1"
"517","9","1"
"874","21","2"
"442","5","2"
"632","17","1"
"229","15","2"
"874","5","2"
"622","14","3"
"645","29","1"
"546","3","2"
"793","30","2"
"35","14","2"
"848","30","1"
"664","13","3"
"318","22","1"
"169","31","2"
"668","15","3"
"481","27","2"
"503","26","3"
"642","30","1"
"425","4","2"
"844","16","1"
"404","29","2"
"518","16","1"
"198","14","1"
"39","15","2"
"502","6","1"
"326","2","3"
"138","20","1"
"949","18","2"
"975","22","1"
"963","7","2"
"450","31","1"
"399","16","1"
"226","6","2"
"229","32","2"
"133","5","1"
"520","32","1"
"637","15","1"
"634","16","2"
"557","15","2"
"61","20","2"
"735","27","1"
"942","4","3"
"406","24","2"
"1012","19","3"
"1010","32","1"
"983","21","1"
"769","10","3"
"726","17","2"
"461","14","3"
"211","33","2"
"926","29","2"
"707","31","2"
"491","4","1"
"643","25","1"
"264","32","1"
"594","14","2"
"426","16","3"
"421","15","3"
"970","25","1"
"13","22","2"
"537","12","1"
"47","21","2"
"508","14","3"
"827","6","2"
"886","26","3"
"903","3","2"
"859","7","1"
"628","1","1"
"224","33","2"
"778","14","1"
"466","14","2"
"974","31","1"
"909","29","1"
"719","27","2"
"193","12","1"
"75","9","1"
"304","33","2"
"975","22","2"
"940","4","1"
"823","29","3"
"109","11","1"
"421","14","3"
"461","14","2"
"335","30","3"
"989","13","3"
"545","12","3"
"603","32","3"
"907","21","3"
"110","12","1"
"191","28","3"
"406","12","1"
"521","3","2"
"502","4","1"
"152","11","1"
"672","33","1"
"461","5","2"
"511","14","3"
"369","29","3"
"267","5","1"
"655","14","3"
"593","2","2"
"556","4","1"
"813","14","2"
"473","14","2"
"227","7","2"
"364","31","2"
"882","10","1"
"33","19","1"
"99","29","1"
"994","32","1"
"417","28","2"
"166","7","1"
"885","25","2"
"511","4","2"
"911","1","2"
"904","29","2"
"761","6","1"
"495","15","1"
"387","9","2"
"778","23","1"
"400","14","2"
"122","20","2"
"810","15","2"
"624","20","1"
"986","19","3"
"536","33","1"
"929","19","1"
"405","15","1"
"641","5","2"
"371","32","2"
"24","21","1"
"644","27","1"
"791","14","1"
"609","2","1"
"435","23","1"
"171","22","2"
"574","1","1"
"667","13","2"
"666","14","2"
"187","32","3"
"601","20","1"
"300","4","2"
"415","13","1"
"701","8","2"
"518","28","1"
"683","32","1"
"570","6","1"
"559","27","2"
"25","12","2"
"153","10","2"
"670","31","2"
"587","24","2"
"443","23","1"
"979","18","1"
"245","27","1"
"678","28","3"
"796","30","2"
"371","32","3"
"1004","21","2"
"491","9","1"
"356","24","2"
"335","28","3"
"229","29","2"
"675","27","2"
"945","14","3"
"91","20","1"
"1033","21","2"
"757","5","1"
"1007","18","1"
"670","14","2"
"784","20","2"
"767","23","1"
"735","10","1"
"391","28","1"
"531","31","1"
"216","10","1"
"197","31","1"
"560","33","2"
"379","6","1"
"479","7","2"
"881","19","3"
"561","10","3"
"750","14","2"
"663","8","1"
"216","5","1"
"138","25","1"
"944","27","1"
"537","23","1"
"406","29","1"
"922","1","1"
"225","34","2"
"621","15","1"
"673","11","1"
"1016","29","1"
"534","32","2"
"145","13","1"
"904","31","2"
"764","34","1"
"36","17","1"
"847","6","1"
"39","19","2"
"860","15","2"
"383","31","1"
"861","27","1"
"652","33","2"
"320","9","3"
"630","15","2"
"667","32","2"
"672","14","1"
"390","20","1"
"327","13","3"
"213","10","1"
"475","8","2"
"668","21","2"
"406","29","2"
"344","15","3"
"323","30","1"
"268","5","2"
"644","22","1"
"813","28","2"
"447","32","3"
"919","14","2"
"670","14","1"
"399","14","1"
"399","31","1"
"489","22","2"
"484","33","1"
"572","19","1"
"124","12","2"
"508","7","3"
"636","6","1"
"413","16","1"
"105","14","2"
"167","30","3"
"698","16","1"
"483","12","2"
"832","14","2"
"125","27","3"
"760","9","3"
"604","31","2"
"935","11","1"
"198","5","1"
"382","23","3"
"208","30","3"
"426","14","2"
"639","8","1"
"655","12","3"
"722","14","1"
"499","22","1"
"1002","31","1"
"627","29","1"
"1015","23","3"
"496","23","1"
"627","29","2"
"952","11","1"
"376","13","1"
"432","11","2"
"933","17","1"
"166","19","1"
"941","7","1"
"6","15","3"
"209","1","1"
"915","14","1"
"473","31","3"
"341","17","2"
"1027","20","2"
"270","11","3"
"220","34","1"
"722","28","1"
"717","23","2"
"883","13","1"
"267","14","1"
"855","4","1"
"87","25","3"
"57","25","1"
"76","34","1"
"902","6","2"
"637","14","1"
"374","19","1"
"611","28","2"
"540","24","1"
"841","14","1"
"637","4","1"
"33","21","1"
"953","19","1"
"600","17","3"
"450","9","1"
"622","8","2"
"6","7","3"
"310","15","3"
"756","28","2"
"583","8","1"
"934","10","2"
"30","13","2"
"51","25","1"
"550","7","2"
"510","4","3"
"633","7","3"
"493","16","1"
"21","29","2"
"521","14","2"
"768","8","2"
"673","27","1"
"238","27","1"
"75","34","1"
"453","24","2"
"435","32","1"
"245","1","1"
"696","14","2"
"356","24","3"
"508","10","2"
"580","30","1"
"90","5","1"
"208","23","2"
"937","11","1"
"878","20","3"
"564","31","3"
"696","22","2"
"135","20","1"
"384","31","2"
"789","22","1"
"174","23","2"
"319","1","1"
"404","5","2"
"977","16","2"
"740","30","1"
"347","14","2"
"491","2","2"
"356","4","2"
"300","10","2"
"411","9","1"
"477","29","1"
"928","7","2"
"560","27","2"
"673","33","1"
"461","29","3"
"597","4","2"
"129","32","1"
"403","2","2"
"136","31","3"
"1038","22","2"
"203","6","2"
"769","4","3"
"158","2","3"
"988","18","2"
"478","4","1"
"355","8","2"
"368","20","3"
"572","6","1"
"548","9","2"
"744","15","1"
"389","12","2"
"885","30","1"
"210","9","2"
"899","14","2"
"83","10","2"
"468","6","2"
"249","15","3"
"829","31","1"
"798","14","1"
"129","25","1"
"700","31","1"
"224","5","2"
"824","30","2"
"413","17","1"
"235","5","2"
"769","14","3"
"285","11","1"
"465","14","1"
"543","28","2"
"916","16","1"
"233","20","2"
"209","5","2"
"1026","29","2"
"607","3","2"
"270","25","3"
"17","28","2"
"574","12","1"
"389","14","1"
"338","23","1"
"293","14","3"
"37","1","1"
"509","24","1"
"309","12","1"
"816","17","2"
"194","3","3"
"718","28","3"
"624","3","1"
"465","20","1"
"565","29","3"
"848","20","1"
"818","28","1"
"248","10","2"
"612","29","1"
"644","23","1"
"752","26","2"
"34","22","3"
"105","12","3"
"80","13","1"
"1042","30","1"
"767","2","2"
"692","6","2"
"864","14","1"
"653","1","2"
"123","21","2"
"1013","15","2"
"573","24","3"
"947","10","2"
"245","8","1"
"930","33","3"
"950","30","1"
"475","21","1"
"794","25","3"
"97","4","1"
"772","6","3"
"691","28","3"
"578","16","1"
"421","27","3"
"498","34","1"
"390","26","1"
"34","34","3"
"637","25","1"
"315","20","3"
"859","25","1"
"783","1","2"
"936","33","3"
"474","32","3"
"1020","19","2"
"415","6","1"
"47","26","3"
"71","34","1"
"636","33","1"
"505","34","2"
"881","19","2"
"258","6","1"
"538","12","2"
"501","14","1"
"750","30","2"
"512","12","2"
"798","23","1"
"664","3","3"
"636","16","1"
"159","15","2"
"694","14","3"
"421","14","2"
"755","27","1"
"519","9","1"
"194","14","3"
"527","6","2"
"333","1","2"
"749","32","2"
"933","9","1"
"762","29","2"
"520","10","1"
"400","1","1"
"450","34","2"
"934","20","2"
"748","26","2"
"226","21","3"
"39","2","2"
"674","29","1"
"545","14","3"
"253","24","2"
"710","13","3"
"511","20","3"
"741","14","1"
"289","11","1"
"224","22","2"
"434","2","1"
"743","27","3"
"711","19","1"
"1014","15","1"
"759","14","3"
"511","3","2"
"452","20","1"
"506","20","1"
"358","14","2"
"843","16","2"
"390","15","1"
"924","32","3"
"73","2","1"
"526","14","1"
"768","14","2"
"701","21","2"
"712","10","1"
"550","6","1"
"884","9","3"
"788","7","2"
"990","1","2"
"600","17","2"
"231","34","2"
"670","25","2"
"244","24","2"
"201","31","3"
"209","1","2"
"592","11","2"
"266","3","1"
"61","13","1"
"746","27","1"
"668","15","2"
"436","26","1"
"594","31","2"
"362","14","3"
"890","27","1"
"626","24","1"
"370","7","1"
"42","25","2"
"500","13","1"
"752","14","2"
"955","19","1"
"788","7","1"
"595","28","2"
"221","10","2"
"441","14","1"
"511","4","3"
"497","30","2"
"763","33","3"
"461","18","2"
"488","10","1"
"324","13","1"
"114","14","1"
"636","31","2"
"380","27","1"
"184","14","2"
"298","6","2"
"725","10","2"
"355","11","2"
"565","14","2"
"756","34","2"
"217","6","1"
"350","27","2"
"604","9","2"
"894","32","1"
"762","3","2"
"966","31","2"
"550","17","1"
"657","14","1"
"536","25","1"
"6","28","3"
"522","20","2"
"193","15","1"
"683","22","1"
"602","22","2"
"672","12","1"
"963","14","2"
"323","32","1"
"563","4","2"
"242","23","3"
"507","24","1"
"984","6","1"
"734","9","1"
"159","14","2"
"736","27","3"
"869","8","2"
"662","31","3"
"135","32","1"
"886","16","3"
"798","31","1"
"955","21","1"
"601","14","1"
"472","21","3"
"881","17","2"
"422","27","3"
"814","23","1"
"194","1","2"
"404","7","3"
"503","8","3"
"174","7","2"
"491","14","2"
"376","6","1"
"499","10","1"
"772","14","3"
"541","4","2"
"853","29","3"
"662","19","3"
"885","21","2"
"780","23","2"
"796","17","2"
"978","7","2"
"662","14","3"
"293","31","3"
"62","16","1"
"184","34","2"
"2","8","2"
"396","14","2"
"178","3","1"
"574","16","1"
"975","7","2"
"523","14","1"
"535","32","1"
"270","2","3"
"1000","26","1"
"633","10","3"
"859","7","2"
"725","13","2"
"241","24","3"
"793","19","2"
"728","30","2"
"574","14","1"
"609","17","2"
"335","28","2"
"514","14","2"
"205","9","3"
"223","26","3"
"526","3","1"
"566","7","3"
"230","33","1"
"401","12","2"
"999","14","2"
"152","14","1"
"465","7","1"
"795","14","1"
"118","31","3"
"162","2","2"
"568","21","2"
"801","31","3"
"445","32","2"
"255","14","3"
"71","25","2"
"646","22","1"
"638","13","3"
"531","31","2"
"295","15","1"
"381","20","1"
"876","6","3"
"658","3","1"
"638","7","3"
"673","7","1"
"735","17","1"
"47","30","3"
"1033","14","2"
"838","3","3"
"534","4","2"
"606","20","2"
"894","32","2"
"864","31","1"
"223","26","2"
"478","25","1"
"371","8","3"
"678","14","3"
"733","33","2"
"631","11","3"
"711","20","1"
"377","2","1"
"730","13","1"
"509","11","1"
"7","11","2"
"728","34","2"
"575","32","1"
"253","23","2"
"234","1","2"
"878","20","2"
"24","30","1"
"633","6","3"
"292","2","2"
"280","34","3"
"547","16","2"
"693","14","2"
"401","19","3"
"922","14","1"
"691","13","3"
"628","3","1"
"49","14","2"
"599","28","2"
"129","3","1"
"52","20","1"
"2","13","2"
"1035","15","1"
"35","9","1"
"266","20","1"
"655","23","3"
"770","25","1"
"402","9","2"
"400","14","1"
"612","33","1"
"584","27","2"
"706","34","1"
"999","7","3"
"787","31","1"
"583","33","1"
"400","1","2"
"112","12","2"
"173","29","2"
"504","13","3"
"939","1","2"
"356","25","3"
"648","22","1"
"671","4","2"
"983","18","1"
"490","5","1"
"355","11","3"
"930","31","3"
"757","11","2"
"737","14","2"
"276","9","1"
"163","22","1"
"852","10","1"
"777","10","1"
"166","12","1"
"1017","25","2"
"536","25","2"
"81","16","1"
"5","1","1"
"936","4","3"
"670","25","1"
"982","17","1"
"745","26","2"
"372","32","1"
"275","33","2"
"705","14","1"
"766","18","1"
"468","10","3"
"183","10","1"
"714","13","3"
"772","8","3"
"572","17","1"
"492","25","2"
"39","15","1"
"489","14","2"
"900","26","2"
"745","24","2"
"131","16","1"
"631","17","2"
"350","27","3"
"75","14","1"
"450","31","2"
"878","13","3"
"467","24","3"
"991","27","1"
"362","13","3"
"166","3","1"
"63","14","1"
"1027","20","3"
"315","28","3"
"223","33","3"
"732","14","1"
"993","14","3"
"479","29","2"
"874","14","2"
"673","24","1"
"832","23","2"
"478","5","1"
"961","9","1"
"845","21","1"
"563","28","2"
"378","30","2"
"992","30","2"
"510","14","3"
"427","25","1"
"308","16","2"
"667","28","2"
"389","29","2"
"843","6","2"
"853","25","3"
"519","10","2"
"967","33","3"
"373","15","1"
"869","6","2"
"441","24","1"
"208","14","2"
"689","30","2"
"358","12","1"
"584","28","2"
"883","13","2"
"300","33","1"
"209","31","2"
"487","32","1"
"508","24","3"
"511","3","3"
"1033","19","2"
"739","30","1"
"555","24","1"
"678","25","3"
"255","1","3"
"140","15","2"
"89","25","2"
"181","33","1"
"770","25","2"
"356","4","3"
"485","4","2"
"594","15","2"
"931","18","2"
"131","7","2"
"371","8","2"
"535","29","2"
"421","34","3"
"886","11","3"
"90","1","1"
"788","22","1"
"404","14","3"
"681","20","3"
"72","33","1"
"413","26","1"
"269","18","3"
"881","17","3"
"956","20","2"
"110","6","1"
"291","17","2"
"491","14","1"
"519","4","1"
"402","7","2"
"883","6","1"
"609","21","1"
"290","31","1"
"419","10","2"
"996","5","1"
"780","7","2"
"324","1","1"
"897","2","2"
"78","3","3"
"654","27","3"
"750","7","2"
"809","31","3"
"723","31","1"
"1018","11","3"
"268","5","3"
"729","25","1"
"359","17","2"
"733","14","1"
"639","10","2"
"677","9","3"
"999","11","3"
"13","22","1"
"641","31","2"
"755","17","1"
"369","29","2"
"613","13","1"
"527","5","2"
"216","12","1"
"47","21","3"
"138","3","1"
"832","6","2"
"491","10","2"
"276","31","1"
"883","14","1"
"586","3","2"
"811","32","3"
"732","7","1"
"270","19","3"
"342","5","3"
"732","29","1"
"497","30","1"
"542","14","2"
"609","22","2"
"1016","14","1"
"54","8","2"
"27","28","1"
"619","13","2"
"1037","17","2"
"999","7","2"
"874","19","2"
"111","6","2"
"413","22","1"
"361","28","2"
"49","14","3"
"61","1","1"
"224","14","2"
"789","22","2"
"455","14","2"
"917","31","2"
"895","9","1"
"327","14","3"
"486","23","1"
"280","22","3"
"647","23","2"
"825","33","1"
"670","21","1"
"267","16","1"
"241","24","2"
"562","25","2"
"732","31","1"
"567","4","1"
"762","14","2"
"79","33","2"
"426","14","3"
"190","1","2"
"740","16","1"
"423","14","2"
"153","30","2"
"822","14","1"
"300","10","1"
"299","16","1"
"88","1","2"
"109","9","1"
"578","21","1"
"111","14","2"
"793","28","2"
"119","3","2"
"537","13","1"
"170","2","1"
"552","11","1"
"747","33","2"
"487","23","1"
"142","18","2"
"823","14","3"
"378","30","1"
"159","29","2"
"435","10","1"
"535","10","1"
"870","13","1"
"223","33","2"
"131","25","1"
"636","27","2"
"608","34","2"
"609","4","1"
"939","21","2"
"425","4","3"
"332","20","1"
"135","10","1"
"585","23","2"
"333","14","2"
"519","9","2"
"291","14","2"
"903","18","2"
"992","30","3"
"473","4","2"
"943","28","3"
"24","1","1"
"322","20","2"
"167","14","3"
"438","9","2"
"233","27","2"
"300","33","2"
"853","14","3"
"300","4","1"
"915","32","1"
"994","14","1"
"400","28","2"
"908","17","1"
"646","15","1"
"571","12","1"
"611","4","2"
"1001","33","3"
"75","13","1"
"494","33","1"
"943","18","3"
"961","34","2"
"889","30","1"
"575","14","1"
"577","5","2"
"583","14","1"
"17","14","2"
"452","3","1"
"39","24","1"
"251","28","2"
"484","17","1"
"355","1","3"
"65","3","1"
"955","20","1"
"267","8","1"
"968","14","2"
"683","14","1"
"845","13","1"
"249","14","3"
"688","33","2"
"636","6","2"
"262","29","2"
"392","21","2"
"174","6","2"
"263","8","1"
"433","31","3"
"301","12","2"
"937","27","1"
"296","34","1"
"171","22","1"
"177","28","1"
"136","31","2"
"885","30","2"
"506","10","1"
"388","23","1"
"135","29","1"
"801","14","3"
"811","29","3"
"489","26","3"
"211","33","1"
"844","3","1"
"734","14","1"
"615","12","1"
"87","28","3"
"7","22","3"
"968","22","2"
"358","29","1"
"496","1","1"
"337","31","2"
"525","27","1"
"741","16","1"
"883","14","2"
"12","14","1"
"5","11","1"
"183","8","1"
"945","32","3"
"508","31","2"
"718","8","3"
"673","14","1"
"611","16","2"
"1005","19","2"
"570","25","1"
"772","9","3"
"150","1","2"
"790","7","2"
"551","28","3"
"488","13","1"
"806","14","2"
"575","34","1"
"216","19","1"
"894","9","1"
"790","10","2"
"808","32","3"
"327","31","3"
"768","18","1"
"255","2","2"
"548","9","1"
"669","34","2"
"705","14","2"
"519","13","2"
"412","16","2"
"52","6","1"
"117","11","2"
"158","22","3"
"502","25","2"
"728","24","2"
"984","30","1"
"627","14","2"
"362","6","2"
"788","26","1"
"663","19","1"
"434","32","1"
"77","14","1"
"514","8","2"
"957","10","2"
"740","14","1"
"585","22","2"
"402","14","2"
"985","34","3"
"1030","25","3"
"636","19","2"
"833","15","2"
"426","7","2"
"400","28","1"
"675","5","2"
"540","22","1"
"903","6","2"
"834","16","2"
"876","27","3"
"795","30","1"
"311","14","2"
"225","14","2"
"466","4","2"
"609","4","2"
"16","16","2"
"556","27","1"
"577","10","3"
"502","18","1"
"763","5","3"
"235","5","3"
"735","4","1"
"493","13","1"
"328","21","3"
"542","17","2"
"137","29","2"
"55","16","3"
"995","21","1"
"418","5","1"
"648","27","1"
"424","31","1"
"726","14","2"
"537","9","1"
"184","30","2"
"156","28","1"
"1035","3","1"
"267","10","1"
"594","14","1"
"111","13","2"
"80","13","2"
"924","9","3"
"703","29","1"
"1033","14","1"
"179","30","1"
"143","10","1"
"859","25","2"
"567","34","1"
"579","14","1"
"915","9","1"
"346","3","2"
"632","2","1"
"35","9","2"
"622","8","3"
"722","13","1"
"552","30","1"
"508","16","2"
"350","9","2"
"406","27","1"
"301","19","2"
"327","31","2"
"923","17","2"
"140","15","1"
"448","27","2"
"580","2","1"
"474","32","2"
"421","25","3"
"570","14","1"
"1026","14","2"
"198","9","1"
"97","13","1"
"753","15","2"
"333","24","2"
"517","13","1"
"823","23","3"
"733","14","2"
"579","18","1"
"168","24","1"
"88","14","2"
"885","14","2"
"843","6","1"
"401","17","2"
"397","6","1"
"452","31","1"
"396","34","2"
"514","6","2"
"757","31","2"
"600","13","3"
"556","31","1"
"698","7","1"
"194","14","2"
"767","14","1"
"158","20","2"
"249","27","3"
"767","23","2"
"467","26","2"
"612","14","1"
"145","1","1"
"212","20","2"
"755","17","2"
"863","28","2"
"545","10","3"
"898","28","2"
"739","25","1"
"856","19","1"
"976","17","2"
"80","25","2"
"421","25","2"
"476","6","3"
"554","14","1"
"131","17","2"
"767","28","2"
"910","13","1"
"523","16","1"
"181","14","1"
"626","8","1"
"288","5","1"
"503","14","3"
"550","6","2"
"807","25","3"
"2","15","2"
"711","29","1"
"17","1","2"
"276","17","1"
"378","14","1"
"508","24","2"
"767","14","2"
"2","21","2"
"608","16","2"
"490","15","1"
"989","14","3"
"233","27","1"
"39","22","1"
"417","12","2"
"735","14","1"
"10","29","1"
"557","20","2"
"788","16","1"
"77","3","1"
"116","29","3"
"888","2","2"
"861","17","1"
"768","6","2"
"142","33","2"
"999","14","3"
"874","26","2"
"712","29","1"
"179","11","1"
"383","14","2"
"959","34","2"
"376","15","1"
"565","32","2"
"266","8","1"
"649","2","3"
"505","30","2"
"187","32","2"
"181","13","1"
"493","14","1"
"33","31","1"
"342","9","3"
"535","10","2"
"406","27","2"
"38","3","2"
"584","32","2"
"932","10","3"
"943","14","3"
"533","14","1"
"404","10","2"
"944","21","1"
"521","12","2"
"399","29","1"
"38","32","2"
"461","6","2"
"101","14","1"
"582","25","2"
"404","31","2"
"807","6","2"
"565","1","3"
"462","21","1"
"105","14","3"
"461","25","2"
"659","34","2"
"782","28","3"
"752","18","2"
"850","34","1"
"785","33","2"
"23","12","3"
"14","3","2"
"233","25","2"
"841","2","1"
"736","16","3"
"450","34","1"
"370","30","1"
"258","3","1"
"502","32","1"
"709","9","1"
"54","14","2"
"564","9","2"
"854","2","1"
"545","30","3"
"638","19","3"
"71","7","2"
"649","23","3"
"271","27","2"
"641","15","2"
"594","3","1"
"694","14","2"
"747","14","2"
"597","7","2"
"75","20","1"
"788","26","2"
"137","12","2"
"519","14","1"
"33","29","1"
"356","14","3"
"205","3","3"
"779","25","1"
"790","20","2"
"630","14","3"
"734","17","1"
"526","15","1"
"597","22","2"
"549","23","1"
"378","21","2"
"575","15","1"
"631","11","2"
"55","14","3"
"593","28","2"
"188","33","1"
"1018","11","2"
"703","1","1"
"574","12","2"
"266","28","1"
"648","14","1"
"358","19","1"
"114","24","1"
"670","31","1"
"501","8","1"
"815","14","2"
"54","8","1"
"923","7","2"
"563","17","2"
"135","27","1"
"358","12","2"
"465","31","1"
"887","10","1"
"937","3","1"
"161","30","1"
"345","22","1"
"599","8","3"
"843","16","1"
"896","34","2"
"467","24","2"
"743","6","3"
"518","14","1"
"79","3","2"
"97","7","1"
"1031","20","2"
"404","10","3"
"556","31","2"
"466","31","2"
"689","25","2"
"20","19","2"
"542","30","2"
"135","13","1"
"152","12","1"
"601","5","1"
"670","21","2"
"572","8","1"
"35","20","1"
"665","29","1"
"556","14","2"
"101","12","1"
"579","7","1"
"356","16","2"
"117","29","2"
"394","22","2"
"676","31","3"
"857","23","2"
"819","12","2"
"767","2","1"
"967","33","2"
"658","28","1"
"534","26","2"
"491","9","2"
"951","17","2"
"389","12","1"
"255","23","2"
"192","30","2"
"804","20","1"
"746","21","1"
"593","19","2"
"885","14","1"
"600","13","2"
"442","19","2"
"983","10","1"
"165","30","2"
"622","6","3"
"701","15","2"
"510","1","3"
"472","13","3"
"1","23","1"
"561","16","2"
"627","24","2"
"355","14","3"
"331","11","3"
"719","8","2"
"779","33","1"
"16","16","1"
"665","12","1"
"350","14","3"
"198","28","1"
"155","14","2"
"685","34","1"
"106","31","2"
"475","7","1"
"812","3","2"
"869","14","2"
"362","14","2"
"683","28","1"
"648","15","1"
"572","15","1"
"774","10","2"
"537","14","1"
"63","4","1"
"383","1","2"
"543","23","2"
"527","22","2"
"38","25","2"
"262","16","2"
"417","23","2"
"58","8","2"
"584","10","2"
"81","14","1"
"47","30","2"
"323","11","1"
"749","28","2"
"609","21","2"
"383","14","1"
"90","14","1"
"459","33","3"
"622","14","2"
"118","30","3"
"759","5","3"
"820","16","1"
"518","17","1"
"278","13","3"
"399","25","1"
"523","34","1"
"533","10","1"
"112","29","2"
"781","21","3"
"607","25","2"
"797","19","1"
"650","11","1"
"455","29","2"
"315","1","3"
"488","14","1"
"696","34","2"
"164","33","3"
"961","34","1"
"489","26","2"
"441","29","1"
"84","15","3"
"25","11","2"
"480","6","2"
"516","13","1"
"769","20","3"
"584","14","2"
"521","16","2"
"535","32","2"
"756","20","2"
"826","9","3"
"587","31","2"
"747","31","2"
"375","23","2"
"101","13","1"
"476","34","3"
"701","14","2"
"540","26","1"
"355","8","3"
"339","6","3"
"310","15","2"
"358","14","1"
"646","14","1"
"79","14","2"
"734","24","1"
"947","6","2"
"788","14","1"
"249","1","3"
"665","14","1"
"987","13","1"
"514","9","2"
"571","31","2"
"831","14","1"
"492","17","1"
"756","32","2"
"727","1","2"
"1040","33","1"
"927","22","2"
"635","8","2"
"475","21","2"
"421","27","2"
"32","11","2"
"737","6","2"
"562","3","2"
"137","14","2"
"156","14","1"
"815","2","2"
"261","11","2"
"731","34","2"
"391","10","1"
"823","11","3"
"752","11","2"
"589","6","2"
"162","14","2"
"911","14","2"
"872","3","1"
"841","3","1"
"689","14","2"
"210","23","2"
"1016","5","1"
"604","13","2"
"1026","10","2"
"695","32","1"
"625","33","1"
"405","31","1"
"517","25","1"
"248","9","2"
"627","14","1"
"401","17","3"
"458","32","2"
"884","18","3"
"694","7","2"
"86","32","1"
"496","14","1"
"768","18","2"
"357","21","3"
"303","22","1"
"5","15","1"
"537","2","1"
"883","19","1"
"625","1","1"
"726","9","2"
"668","5","2"
"200","8","2"
"826","28","3"
"809","23","2"
"552","20","1"
"61","27","1"
"627","24","1"
"827","32","2"
"877","33","1"
"629","4","2"
"532","32","1"
"561","10","2"
"866","30","2"
"116","29","2"
"837","31","2"
"708","14","2"
"631","14","3"
"591","29","1"
"764","28","1"
"796","14","2"
"571","14","1"
"401","28","2"
"474","14","2"
"608","7","2"
"159","21","2"
"312","25","2"
"83","3","2"
"585","5","2"
"663","9","1"
"20","3","2"
"667","14","3"
"540","16","1"
"828","1","2"
"759","9","3"
"24","26","1"
"61","3","1"
"140","14","2"
"788","14","2"
"519","13","1"
"396","23","2"
"699","32","1"
"660","7","1"
"608","14","2"
"715","14","2"
"638","11","3"
"664","27","3"
"895","13","1"
"208","21","3"
"854","2","2"
"233","7","1"
"481","8","2"
"465","17","2"
"479","5","2"
"628","7","2"
"155","28","2"
"655","10","3"
"141","1","2"
"798","11","1"
"731","1","2"
"759","17","2"
"807","6","3"
"209","5","1"
"663","14","1"
"149","22","1"
"593","12","2"
"1045","21","2"
"742","27","1"
"509","31","1"
"751","32","2"
"391","14","1"
"940","22","1"
"39","24","2"
"709","19","1"
"142","14","3"
"596","30","1"
"724","29","1"
"401","19","2"
"800","31","2"
"732","8","1"
"421","9","2"
"105","15","3"
"885","25","1"
"613","10","1"
"293","13","3"
"557","31","2"
"681","20","2"
"746","23","1"
"230","32","1"
"406","14","1"
"681","2","2"
"475","7","2"
"233","25","1"
"680","15","3"
"653","3","2"
"954","6","2"
"131","17","1"
"990","14","2"
"783","17","2"
"279","16","3"
"468","6","3"
"35","5","1"
"205","30","3"
"112","27","2"
"883","6","2"
"697","3","2"
"594","22","2"
"158","20","3"
"636","11","1"
"423","21","2"
"830","11","1"
"109","7","1"
"528","31","3"
"623","16","2"
"788","16","2"
"172","5","2"
"106","3","2"
"223","4","2"
"831","7","1"
"173","22","2"
"981","10","1"
"276","33","1"
"599","8","2"
"817","34","1"
"170","28","1"
"694","6","2"
"636","29","2"
"388","23","2"
"461","6","3"
"465","14","2"
"733","28","1"
"148","13","2"
"270","28","3"
"296","31","1"
"640","10","3"
"580","8","1"
"719","33","2"
"712","14","1"
"79","1","2"
"110","17","1"
"699","25","1"
"873","16","2"
"659","14","2"
"110","14","1"
"20","17","2"
"985","34","2"
"352","16","1"
"309","2","1"
"760","16","3"
"564","22","2"
"49","3","3"
"676","31","2"
"489","33","2"
"863","11","2"
"468","10","2"
"863","14","2"
"403","16","2"
"879","20","2"
"660","5","1"
"221","10","1"
"426","7","3"
"832","26","2"
"527","13","2"
"699","14","1"
"258","24","1"
"861","17","2"
"585","12","2"
"403","2","1"
"385","17","1"
"973","2","2"
"752","6","2"
"575","29","1"
"80","29","1"
"234","1","3"
"878","18","3"
"636","19","1"
"423","25","2"
"424","4","1"
"998","5","2"
"194","3","2"
"378","14","2"
"526","1","1"
"133","23","1"
"960","21","3"
"404","14","2"
"75","21","1"
"11","13","2"
"759","17","3"
"264","23","1"
"399","30","1"
"23","3","3"
"622","27","2"
"935","1","1"
"1043","10","2"
"495","29","1"
"145","7","1"
"555","11","1"
"491","4","2"
"483","12","1"
"543","33","2"
"1034","9","2"
"636","33","2"
"674","31","1"
"25","32","2"
"668","21","3"
"80","14","1"
"709","30","1"
"585","26","2"
"305","2","2"
"967","18","3"
"255","2","3"
"904","14","2"
"578","29","1"
"901","28","1"
"167","25","3"
"33","6","1"
"550","8","1"
"138","14","1"
"74","21","2"
"589","6","1"
"601","34","1"
"233","7","2"
"474","1","3"
"216","14","1"
"382","23","2"
"915","28","1"
"577","14","3"
"565","32","3"
"472","12","3"
"581","7","1"
"613","16","1"
"114","3","1"
"882","29","1"
"801","26","3"
"554","28","1"
"768","20","2"
"683","20","1"
"452","21","1"
"356","25","2"
"107","11","1"
"867","13","1"
"569","9","3"
"782","34","3"
"734","26","1"
"716","3","1"
"272","3","1"
"316","1","1"
"861","27","2"
"32","11","1"
"273","31","2"
"271","10","2"
"864","5","1"
"883","19","2"
"766","8","2"
"883","11","2"
"569","14","3"
"739","31","1"
"378","21","1"
"593","4","2"
"510","24","3"
"840","27","1"
"668","5","3"
"863","3","2"
"612","25","1"
"259","25","3"
"35","14","1"
"400","10","2"
"248","9","1"
"528","31","2"
"914","5","3"
"838","28","3"
"845","14","1"
"760","30","3"
"415","8","1"
"807","5","2"
"911","28","2"
"741","12","1"
"317","27","1"
"757","11","1"
"54","17","2"
"789","8","2"
"643","16","1"
"133","23","2"
"574","14","2"
"543","16","2"
"691","3","3"
"327","13","2"
"417","14","2"
"768","8","1"
"152","31","1"
"938","19","3"
"503","32","3"
"142","18","3"
"934","14","2"
"752","8","2"
"987","6","1"
"756","14","2"
"508","31","3"
"837","5","2"
"946","15","2"
"923","14","2"
"972","34","1"
"54","14","1"
"764","7","1"
"559","4","2"
"900","25","2"
"937","14","1"
"793","4","2"
"424","11","1"
"534","20","2"
"144","2","2"
"333","14","3"
"564","9","3"
"130","34","3"
"765","17","2"
"122","10","2"
"356","16","3"
"856","32","1"
"1","23","2"
"741","15","1"
"303","11","1"
"759","5","2"
"404","29","3"
"609","7","1"
"765","8","2"
"878","6","3"
"978","11","2"
"63","1","1"
"693","31","2"
"418","5","2"
"662","8","3"
"691","16","3"
"1003","25","1"
"14","30","2"
"712","7","1"
"158","22","2"
"474","1","2"
"684","21","1"
"232","32","1"
"71","34","2"
"142","33","3"
"118","22","3"
"861","33","2"
"802","2","2"
"67","25","1"
"594","22","1"
"177","9","1"
"376","2","1"
"297","13","3"
"733","17","2"
"770","12","1"
"663","4","1"
"659","29","2"
"145","14","1"
"253","24","1"
"262","10","2"
"560","5","2"
"647","23","3"
"1033","19","1"
"738","17","1"
"609","14","1"
"807","25","2"
"189","16","2"
"733","33","1"
"893","11","1"
"766","8","1"
"896","19","2"
"878","13","2"
"944","14","1"
"657","31","1"
"511","20","2"
"103","33","2"
"605","8","1"
"437","17","1"
"913","33","1"
"293","17","3"
"178","23","1"
"997","20","2"
"696","9","2"
"747","5","2"
"1031","14","2"
"406","12","2"
"58","17","2"
"845","22","1"
"407","21","1"
"291","8","2"
"870","28","1"
"514","14","3"
"564","31","2"
"726","2","2"
"188","33","2"
"577","14","2"
"264","14","1"
"631","1","3"
"782","32","3"
"429","2","1"
"112","14","2"
"208","21","2"
"515","6","1"
"964","5","3"
"461","25","3"
"150","30","2"
"475","17","1"
"447","15","3"
"809","23","3"
"632","9","1"
"675","26","2"
"150","30","1"
"496","7","1"
"520","10","2"
"342","16","3"
"262","25","2"
"831","31","1"
"616","15","2"
"514","18","3"
"499","12","1"
"619","33","2"
"821","8","1"
"919","26","2"
"889","28","1"
"628","3","2"
"473","4","3"
"962","3","3"
"55","5","3"
"153","25","2"
"628","7","1"
"79","29","2"
"768","20","1"
"637","12","1"
"169","23","2"
"401","12","3"
"683","25","1"
"194","17","2"
"626","14","1"
"766","6","1"
"515","2","1"
"1037","14","2"
"404","5","3"
"531","8","1"
"980","7","2"
"240","22","1"
"501","25","1"
"890","11","1"
"174","29","2"
"131","16","2"
"424","14","1"
"223","24","2"
"651","29","1"
"925","7","1"
"61","14","2"
"977","29","2"
"339","6","2"
"508","14","2"
"830","33","1"
"613","7","1"
"248","2","2"
"789","8","1"
"569","10","3"
"491","16","1"
"97","15","1"
"226","6","3"
"169","14","2"
"461","29","2"
"410","3","1"
"791","22","1"
"932","14","3"
"299","34","1"
"362","6","3"
"118","5","3"
"308","34","2"
"1024","23","2"
"10","29","2"
"47","24","2"
"153","14","3"
"689","10","2"
"147","14","1"
"426","5","3"
"628","14","2"
"909","14","1"
"412","8","2"
"689","8","2"
"230","8","1"
"838","28","2"
"636","29","1"
"499","14","1"
"694","6","3"
"766","2","1"
"948","16","1"
"342","13","3"
"220","23","1"
"894","8","2"
"157","29","3"
"687","10","1"
"248","10","1"
"601","11","1"
"11","7","2"
"24","34","1"
"422","27","2"
"490","12","1"
"440","25","2"
"112","11","2"
"230","33","2"
"478","21","1"
"23","2","3"
"150","1","1"
"374","7","1"
"5","14","1"
"971","23","2"
"474","10","3"
"514","25","2"
"308","16","3"
"699","32","2"
"742","31","1"
"576","13","2"
"230","32","2"
"552","25","1"
"471","20","3"
"327","14","2"
"836","13","1"
"675","14","2"
"244","26","2"
"681","2","3"
"435","14","1"
"922","21","1"
"534","30","2"
"560","5","1"
"7","11","3"
"483","14","2"
"846","26","3"
"226","21","2"
"158","2","2"
"747","22","2"
"296","20","1"
"502","25","1"
"61","27","2"
"63","15","1"
"329","13","2"
"539","28","2"
"412","25","2"
"768","6","1"
"875","6","3"
"203","6","3"
"555","12","1"
"481","10","2"
"942","4","2"
"554","31","1"
"135","14","1"
"508","10","3"
"390","10","1"
"320","9","2"
"209","31","1"
"688","33","1"
"249","29","3"
"702","21","2"
"678","16","3"
"55","10","3"
"24","23","1"
"694","30","3"
"781","15","3"
"1041","18","1"
"778","13","1"
"571","31","1"
"223","24","3"
"620","5","3"
"617","22","2"
"1032","31","2"
"83","15","2"
"460","12","1"
"58","33","2"
"110","5","1"
"562","4","2"
"809","31","2"
"460","16","1"
"465","31","2"
"466","8","2"
"394","22","1"
"266","24","1"
"925","14","1"
"442","4","2"
"531","14","1"
"657","25","1"
"543","14","2"
"126","8","1"
"629","21","2"
"63","2","1"
"660","6","1"
"902","34","2"
"242","33","3"
"560","27","1"
"894","9","2"
"623","17","2"
"483","30","2"
"919","28","2"
"519","10","1"
"812","9","2"
"689","20","2"
"828","14","2"
"578","14","1"
"577","10","2"
"838","14","2"
"167","17","3"
"311","3","2"
"768","5","1"
"195","22","1"
"390","24","1"
"210","16","2"
"475","17","2"
"487","14","1"
"264","13","1"
"678","5","3"
"406","4","1"
"448","27","1"
"542","8","2"
"635","25","2"
"713","27","2"
"983","14","1"
"732","20","1"
"156","12","1"
"811","9","3"
"820","16","2"
"641","14","2"
"117","20","2"
"475","8","1"
"625","14","1"
"572","3","1"
"222","13","1"
"531","14","2"
"198","31","1"
"941","3","1"
"742","3","1"
"631","15","2"
"495","7","1"
"160","4","2"
"544","17","3"
"750","25","2"
"80","30","2"
"900","14","2"
"686","29","1"
"489","14","3"
"667","32","3"
"572","14","1"
"333","16","3"
"258","28","1"
"1028","28","1"
"114","29","1"
"834","5","2"
"894","8","1"
"578","8","1"
"167","25","2"
"71","25","1"
"962","27","3"
"641","19","2"
"801","7","3"
"868","10","2"
"264","10","1"
"705","15","1"
"523","25","1"
"891","10","2"
"474","14","3"
"531","3","2"
"347","15","2"
"71","14","1"
"117","14","2"
"120","9","1"
"406","14","2"
"460","14","1"
"621","2","1"
"355","14","2"
"570","15","1"
"488","15","1"
"527","14","2"
"932","6","3"
"771","25","1"
"333","16","2"
"945","5","3"
"885","21","1"
"538","12","3"
"49","20","3"
"220","14","1"
"861","33","1"
"253","23","1"
"558","31","1"
"928","22","2"
"916","3","1"
"174","30","2"
"678","11","3"
"506","13","1"
"474","29","2"
"636","31","1"
"201","31","2"
"675","16","2"
"312","14","2"
"698","26","1"
"7","22","2"
"989","6","3"
"38","27","2"
"248","14","2"
"66","6","2"
"134","34","2"
"48","27","2"
"1023","11","3"
"493","5","1"
"630","3","2"
"555","19","1"
"659","27","2"
"621","28","1"
"83","14","2"
"459","12","3"
"667","28","3"
"580","4","1"
"24","2","1"
"791","27","1"
"955","14","1"
"33","16","1"
"140","14","1"
"402","3","2"
"465","7","2"
"476","32","3"
"487","12","1"
"735","25","1"
"897","28","2"
"649","26","3"
"876","27","2"
"173","14","2"
"59","6","1"
"557","8","2"
"783","30","2"
"609","14","2"
"1042","29","1"
"535","29","1"
"636","16","2"
"613","14","1"
"519","4","2"
"174","14","2"
"731","14","2"
"153","14","2"
"918","16","2"
"112","26","2"
"255","23","3"
"743","12","3"
"737","25","2"
"311","34","2"
"909","17","1"
"355","1","2"
"81","2","1"
"968","18","2"
"896","7","2"
"692","14","2"
"476","22","3"
"490","29","1"
"888","9","2"
"704","11","3"
"622","27","3"
"239","7","3"
"565","29","2"
"549","14","1"
"205","20","3"
"669","13","2"
"255","1","2"
"326","28","3"
"203","9","2"
"715","23","2"
"807","5","3"
"376","14","1"
"224","10","2"
"679","33","2"
"535","1","2"
"254","13","1"
"705","3","1"
"1025","4","2"
"198","2","1"
"1029","18","1"
"549","2","1"
"915","17","1"
"644","3","1"
"759","9","2"
"80","30","1"
"39","2","1"
"599","21","2"
"77","2","1"
"400","10","1"
"421","26","3"
"390","16","1"
"562","21","2"
"267","17","1"
"61","14","1"
"401","28","3"
"428","21","3"
"628","12","2"
"335","30","2"
"799","34","2"
"543","13","2"
"788","22","2"
"67","27","1"
"533","25","1"
"293","5","3"
"828","17","2"
"969","10","1"
"263","8","2"
"222","2","1"
"801","23","3"
"781","19","3"
"196","34","1"
"796","32","2"
"660","12","1"
"795","16","1"
"968","17","2"
"401","30","2"
"594","15","1"
"513","20","1"
"887","22","1"
"743","21","3"
"760","19","3"
"613","15","1"
"943","5","3"
"501","12","1"
"2","14","2"
"819","14","2"
"401","30","3"
"706","30","1"
"733","28","2"
"86","29","1"
"153","30","3"
"31","1","1"
"315","14","3"
"621","14","1"
"265","11","1"
"221","32","2"
"628","1","2"
"726","34","2"
"684","20","1"
"660","2","1"
"668","14","3"
"628","12","1"
"495","18","1"
"768","14","1"
"230","14","2"
"661","20","3"
"961","9","2"
"179","11","2"
"254","28","1"
"636","14","2"
"757","31","1"
"705","3","2"
"572","25","1"
"351","30","1"
"710","26","3"
"324","14","1"
"767","3","2"
"847","16","1"
"5","30","1"
"5","28","1"
"21","1","2"
"797","32","1"
"600","22","3"
"543","22","2"
"639","10","1"
"56","33","2"
"822","8","1"
"153","25","3"
"556","4","2"
"185","29","1"
"903","15","2"
"789","18","2"
"815","8","2"
"347","21","2"
"749","7","2"
"526","4","1"
"242","14","3"
"224","13","2"
"849","20","2"
"648","1","1"
"540","17","1"
"837","26","2"
"192","30","1"
"989","6","2"
"550","8","2"
"31","14","1"
"502","4","2"
"282","29","2"
"240","21","1"
"622","6","2"
"798","17","1"
"581","30","1"
"579","28","1"
"131","25","2"
"764","14","1"
"646","29","1"
"3","23","3"
"252","15","2"
"67","31","1"
"879","13","2"
"672","31","1"
"742","28","1"
"856","14","1"
"667","13","3"
"194","17","3"
"514","9","3"
"86","14","1"
"258","14","1"
"767","3","1"
"356","14","2"
"461","13","3"
"965","26","2"
"122","32","2"
"2","28","2"
"415","16","1"
"760","14","3"
"721","5","3"
"1039","7","1"
"562","8","2"
"963","10","2"
"324","30","1"
"407","1","1"
"411","4","1"
"560","4","2"
"83","27","2"
"766","2","2"
"350","14","2"
"473","14","3"
"824","31","2"
"757","5","2"
"643","20","1"
"436","24","1"
"248","2","1"
"6","3","3"
"682","20","1"
"694","30","2"
"406","24","1"
"210","34","2"
"781","14","3"
"658","7","1"
"30","5","2"
"519","7","2"
"857","27","2"
"230","8","2"
"370","16","1"
"607","14","2"
"142","14","2"
"84","15","2"
"514","25","3"
"325","33","1"
"61","3","2"
"1009","15","1"
"989","13","2"
"488","25","1"
"349","19","1"
"1019","22","3"
"1015","14","3"
"608","15","2"
"538","3","3"
"759","14","2"
"733","17","1"
"114","27","1"
"621","12","1"
"374","14","1"
"488","29","1"
"480","7","2"
"701","7","2"
"262","14","2"
"834","13","2"
"461","13","2"
"642","30","2"
"590","30","3"
"608","23","2"
"524","22","1"
"699","14","2"
"100","11","1"
"80","25","1"
"489","22","3"
"565","1","2"
"564","22","3"
"630","3","3"
"613","9","1"
"476","14","3"
"421","26","2"
"862","32","2"
"956","31","2"
"575","16","1"
"706","26","1"
"583","18","1"
"582","25","3"
"775","12","3"
"490","28","1"
"514","18","2"
"633","29","3"
"803","15","3"
"631","14","2"
"839","26","1"
"593","5","2"
"944","18","1"
"431","16","1"
"105","15","2"
"689","28","2"
"80","14","2"
"368","20","2"
"1033","21","1"
"203","9","3"
"925","28","1"
"140","12","2"
"39","19","1"
"518","30","1"
"73","2","2"
"989","14","2"
"727","16","2"
"41","9","2"
"162","23","2"
"618","28","2"
"705","15","2"
"115","12","3"
"389","14","2"
"511","27","2"
"967","18","2"
"678","17","3"
"406","7","1"
"675","3","2"
"633","15","3"
"496","33","1"
"628","14","1"
"691","15","3"
"358","19","2"
"885","6","2"
"311","25","2"
"216","8","1"
"496","8","1"
"421","9","3"
"469","2","2"
"430","21","1"
"47","26","2"
"993","21","3"
"905","25","3"
"826","14","3"
"254","8","1"
"147","8","1"
"663","10","1"
"715","33","2"
"660","23","1"
"90","33","1"
"749","17","2"
"574","16","2"
"556","14","1"
"230","14","1"
"508","16","3"
"492","25","1"
"415","3","1"
"333","24","3"
"31","11","1"
"49","20","2"
"144","2","3"
"117","21","2"
"633","14","3"
"363","21","1"
"748","29","2"
"708","7","2"
"975","7","1"
"399","12","1"
"561","16","3"
"14","12","2"
"304","9","2"
"755","27","2"
"826","5","3"
"660","14","1"
"990","28","2"
"278","17","3"
"216","21","1"
"324","6","1"
"519","14","2"
"824","14","2"
"662","10","3"
"98","23","2"
"1044","15","1"
"135","8","1"
"754","28","2"
"543","21","2"
"361","28","3"
"739","14","1"
"502","6","2"
"540","14","1"
"77","31","1"
"583","10","1"
"958","7","1"
"560","4","1"
"210","30","2"
"338","30","1"
"296","30","1"
"827","14","2"
"138","16","1"
"785","3","2"
"704","11","2"
"677","9","2"
"827","2","2"
"793","14","2"
"483","20","1"
"952","18","1"
"920","22","2"
"502","18","2"
"571","14","2"
"346","29","2"
"925","10","1"
"895","18","1"
"71","7","1"
"1015","6","3"
"490","14","1"
"465","20","2"
"383","1","1"
"29","13","1"
"63","3","1"
"362","13","2"
"702","28","2"
"413","15","1"
"696","21","2"
"631","10","2"
"514","6","3"
"39","22","2"
"491","10","1"
"873","34","2"
"819","26","2"
"145","28","1"
"461","18","3"
"421","15","2"
"648","11","1"
"479","14","2"
"123","21","1"
"499","1","1"
"236","25","2"
"747","2","2"
"33","14","1"
"556","27","2"
"12","31","1"
"502","32","2"
"317","27","2"
"256","11","2"
"206","23","2"
"841","23","1"
"823","3","3"
"426","16","2"
"888","5","2"
"899","20","2"
"631","15","3"
"699","25","2"
"285","13","1"
"560","33","1"
"690","11","2"
"1031","18","2"
"632","14","1"
"474","10","2"
"472","14","3"
"626","16","1"
"659","6","2"
"600","22","2"
"129","14","1"
"630","21","3"
"389","29","1"
"202","33","1"
"858","26","1"
"933","14","1"
"740","27","1"
"882","31","1"
"822","2","1"
"105","12","2"
"179","30","2"
"746","14","1"
"181","9","1"
"838","11","2"
"426","5","2"
"952","14","1"
"671","4","3"
"413","14","1"
"446","8","1"
"210","31","2"
"132","27","1"
"608","13","2"
"708","32","2"
"495","20","1"
"261","11","3"
"1033","13","2"
"912","31","2"
"574","1","2"
"648","17","1"
"636","11","2"
"630","14","2"
"772","17","3"
"374","12","1"
"811","14","3"
"776","6","3"
"390","17","1"
"512","4","2"
"766","18","2"
"685","17","1"
"258","29","1"
"749","27","2"
"571","12","2"
"813","27","2"
"43","22","2"
"578","15","1"
"813","1","2"
"535","1","1"
"838","3","2"
"499","17","1"
"403","16","1"
"534","14","2"
"557","11","2"
"221","32","1"
"970","16","1"
"660","1","1"
"517","14","1"
"712","17","1"
"79","21","2"
"121","10","1"
"360","2","2"
"947","14","2"
"404","31","3"
"167","14","2"
"264","30","1"
"466","27","2"
"388","9","1"
"809","30","2"
"630","21","2"
"461","5","3"
"49","3","2"
"493","4","1"
"508","7","2"
"386","9","1"
"806","31","2"
"503","27","3"
"312","17","2"
"293","1","3"
"424","6","1"
"441","5","1"
"1035","14","1"
"553","11","1"
"255","14","2"
"11","11","2"
"479","15","2"
"453","9","2"
"814","17","1"
"35","5","2"
"14","19","2"
"194","1","3"
"103","33","3"
"491","2","1"
"614","7","2"
"609","7","2"
"746","25","1"
"230","9","2"
"879","7","2"
"1006","10","2"
"453","33","2"
"520","32","2"
"61","13","2"
"417","19","2"
"708","4","2"
"599","28","3"
"538","3","2"
"121","16","1"
"998","14","2"
"552","33","1"
"292","23","2"
"346","13","2"
"842","32","3"
"594","31","1"
"115","12","2"
"113","5","1"
"193","14","1"
"631","10","3"
"649","14","3"
"399","23","1"
"805","5","1"
"854","34","2"
"546","3","3"
"467","26","3"
"797","17","1"
"540","27","1"
"315","10","3"
"610","6","2"
"694","7","3"
"873","26","2"
"874","4","2"
"550","7","1"
"666","7","2"
"593","10","2"
"731","15","2"
"723","27","1"
"87","13","3"
"505","31","2"
"490","32","1"
"272","21","1"
"204","17","1"
"749","14","2"
"122","14","2"
"514","17","3"
"266","5","1"
"450","9","2"
"692","34","2"
"756","18","2"
"697","21","2"
"478","14","1"
"483","20","2"
"768","5","2"
"617","22","3"
"260","22","2"
"799","16","2"
"793","7","2"
"778","20","1"
"24","4","1"
"557","14","2"
"126","34","1"
"555","14","1"
"489","33","3"
"499","11","1"
"474","29","3"
"876","6","2"
"742","14","1"
"693","8","2"
"308","34","3"
"636","14","1"
"878","18","2"
"452","9","1"
"464","4","1"
"469","2","1"
"545","27","3"
"766","6","2"
"636","27","1"
"377","28","1"
"223","4","3"
"1008","18","1"
"202","33","2"
"668","14","2"
"299","16","2"
"767","28","1"
"35","20","2"
"12","13","1"
"792","20","1"
"1023","11","2"
"606","20","1"
"262","34","2"
"442","22","2"
"66","6","1"
"720","10","3"
"44","3","1"
"658","14","1"
"269","8","3"
"941","14","1"
"245","14","1"
"180","3","2"
"131","7","1"
"399","5","1"
"666","29","2"
"107","11","2"
"880","3","3"
"225","6","2"
"994","6","1"
"514","17","2"
"189","16","3"
"900","19","2"
"38","16","2"
"11","12","2"
"406","7","2"
"481","21","2"
"809","30","3"
"518","34","1"
"208","14","3"
"230","9","1"
"79","9","2"
"644","14","1"
"609","22","1"
"509","26","1"
"770","12","2"
"741","21","1"
"892","29","1"
"61","1","2"
"847","29","1"
"75","28","1"
"197","12","1"
"804","25","1"
"337","31","3"
"865","9","2"
"854","34","1"
"292","14","2"
"465","17","1"
"577","5","3"
"184","16","2"
"478","6","1"
"629","24","2"
"775","1","3"
"482","13","2"
"835","13","1"
"593","27","2"
"153","10","3"
"607","4","2"
"575","28","1"
"594","3","2"
"792","31","1"
"331","14","3"
"432","24","2"
"156","15","1"
"455","3","2"
"32","24","2"
"598","2","3"
"180","3","3"
"740","26","1"
"479","20","2"
"229","21","2"
"349","7","1"
"71","14","2"
"383","31","2"
"299","34","2"
"492","17","2"
"32","24","1"
"122","2","2"
