"player_id","name","height","weight","year_start","year_end","dob","college_id"
"1","Alex Abrines","78","190","2017","2018","1993-08-01","58"
"2","Quincy Acy","79","240","2013","2018","1990-10-06","124"
"3","Steven Adams","85","255","2014","2018","1993-07-20","147"
"4","Bam Adebayo","82","243","2018","2018","1997-07-18","79"
"5","Arron Afflalo","77","210","2008","2018","1985-10-15","105"
"6","Cole Aldrich","83","250","2011","2018","1988-10-31","174"
"7","LaMarcus Aldridge","83","260","2007","2018","1985-07-19","185"
"8","Jarrett Allen","82","234","2018","2018","1998-04-21","185"
"9","Kadeem Allen","75","192","2018","2018","1993-01-15","173"
"10","Tony Allen","76","213","2005","2018","1982-01-11","89"
"11","Al-Farouq Aminu","81","220","2011","2018","1990-09-21","95"
"12","Justin Anderson","78","228","2016","2018","1993-11-19","111"
"13","Kyle Anderson","81","230","2015","2018","1993-09-20","105"
"14","Ryan Anderson","82","240","2009","2018","1988-05-06","100"
"15","Ike Anigbogu","82","252","2018","2018","1998-10-22","105"
"16","Giannis Antetokounmpo","83","222","2014","2018","1994-12-06","58"
"17","Carmelo Anthony","80","240","2004","2018","1984-05-29","34"
"18","OG Anunoby","80","232","2018","2018","1997-07-17","30"
"19","Ryan Arcidiacono","75","188","2018","2018","1994-03-26","127"
"20","Trevor Ariza","80","215","2005","2018","1985-06-30","105"
"21","Darrell Arthur","81","235","2009","2018","1988-03-25","174"
"22","Jamel Artis","79","213","2018","2018","1993-01-12","147"
"23","Omer Asik","85","255","2011","2018","1986-07-04","58"
"24","D.J. Augustin","73","183","2009","2018","1987-11-10","185"
"25","Luke Babbitt","81","225","2011","2018","1989-06-20","84"
"26","Dwayne Bacon","78","222","2018","2018","1995-08-30","178"
"27","Ron Baker","76","220","2017","2018","1993-03-30","176"
"28","Lonzo Ball","78","190","2018","2018","1997-10-27","105"
"29","J.J. Barea","73","185","2007","2018","1984-06-26","73"
"30","Harrison Barnes","80","210","2013","2018","1992-05-30","43"
"31","Will Barton","78","175","2013","2018","1991-01-06","23"
"32","Nicolas Batum","80","200","2009","2018","1988-12-14","58"
"33","Jerryd Bayless","75","200","2009","2018","1988-08-20","173"
"34","Aron Baynes","82","260","2013","2018","1986-12-09","169"
"35","Kent Bazemore","77","201","2013","2018","1989-07-01","162"
"36","Bradley Beal","77","207","2013","2018","1993-06-28","138"
"37","Malik Beasley","77","196","2017","2018","1996-11-26","178"
"38","Michael Beasley","81","235","2009","2018","1989-01-09","166"
"39","Marco Belinelli","77","210","2008","2018","1986-03-25","58"
"40","Jordan Bell","81","224","2018","2018","1995-01-07","21"
"41","DeAndre Bembry","78","210","2017","2018","1994-07-04","175"
"42","Dragan Bender","85","225","2017","2018","1997-11-17","58"
"43","Davis Bertans","82","210","2017","2018","1992-11-12","58"
"44","Patrick Beverley","73","185","2013","2018","1988-07-12","168"
"45","Khem Birch","81","220","2018","2018","1992-09-28","149"
"46","Jabari Bird","78","197","2018","2018","1994-07-03","100"
"47","Bismack Biyombo","81","255","2012","2018","1992-08-28","58"
"48","Nemanja Bjelica","82","240","2016","2018","1988-05-09","58"
"49","Tarik Black","81","250","2015","2018","1991-11-22","174"
"50","Antonio Blakeney","76","197","2018","2018","1996-10-04","11"
"51","Eric Bledsoe","73","205","2011","2018","1989-12-09","79"
"52","Vander Blue","76","200","2014","2018","1992-07-17","101"
"53","Bogdan Bogdanovic","78","205","2018","2018","1992-08-18","58"
"54","Bojan Bogdanovic","80","216","2015","2018","1989-04-18","58"
"55","Andrew Bogut","85","260","2006","2018","1984-11-28","103"
"56","Joel Bolomboy","81","235","2017","2018","1994-01-28","123"
"57","Devin Booker","78","206","2016","2018","1996-10-30","79"
"58","Trevor Booker","80","228","2011","2018","1987-11-25","163"
"59","Avery Bradley","74","180","2011","2018","1990-11-26","185"
"60","Tony Bradley","83","240","2018","2018","1998-01-08","43"
"61","Corey Brewer","81","186","2008","2018","1986-03-05","138"
"62","Malcolm Brogdon","77","215","2017","2018","1992-12-11","111"
"63","Aaron Brooks","73","161","2008","2018","1985-01-14","21"
"64","Dillon Brooks","78","220","2018","2018","1996-01-22","21"
"65","Bobby Brown","74","175","2009","2018","1984-09-24","5"
"66","Jaylen Brown","79","225","2017","2018","1996-10-24","100"
"67","Lorenzo Brown","77","189","2014","2018","1990-08-26","59"
"68","Sterling Brown","77","225","2018","2018","1995-02-10","22"
"69","Nicolas Brussino","79","195","2017","2018","1993-03-02","58"
"70","Thomas Bryant","82","248","2018","2018","1997-07-31","30"
"71","Reggie Bullock","79","205","2014","2018","1991-03-16","43"
"72","Alec Burks","78","214","2012","2018","1991-07-20","146"
"73","Jimmy Butler","80","236","2012","2018","1989-09-14","101"
"74","Bruno Caboclo","81","218","2015","2018","1995-09-21","58"
"75","Jose Calderon","75","200","2006","2018","1981-09-28","58"
"76","Kentavious Caldwell-Pope","77","205","2014","2018","1993-02-18","171"
"77","Isaiah Canaan","73","201","2014","2018","1991-05-21","51"
"78","Clint Capela","82","240","2015","2018","1994-05-18","58"
"79","DeMarre Carroll","80","215","2010","2018","1986-07-27","156"
"80","Vince Carter","78","220","1999","2018","1977-01-26","43"
"81","Michael Carter-Williams","78","190","2014","2018","1991-10-10","34"
"82","Alex Caruso","77","186","2018","2018","1994-02-28","170"
"83","Omri Casspi","81","225","2010","2018","1988-06-22","58"
"84","Willie Cauley-Stein","85","240","2016","2018","1993-08-18","79"
"85","Tyler Cavanaugh","81","239","2018","2018","1994-02-09","167"
"86","Mario Chalmers","74","190","2009","2018","1986-05-19","174"
"87","Tyson Chandler","85","240","2002","2018","1982-10-02","58"
"88","Wilson Chandler","80","225","2008","2018","1987-05-10","113"
"89","Marquese Chriss","82","233","2017","2018","1997-07-02","126"
"90","Ian Clark","75","175","2014","2018","1991-03-07","80"
"91","Jordan Clarkson","77","194","2015","2018","1992-06-07","156"
"92","Gian Clavell","76","185","2018","2018","1993-11-26","98"
"93","Antonius Cleveland","78","195","2018","2018","1994-02-02","141"
"94","John Collins","82","235","2018","2018","1997-09-23","95"
"95","Zach Collins","85","232","2018","2018","1997-11-19","154"
"96","Kyle Collinsworth","78","210","2018","2018","1991-10-03","145"
"97","Darren Collison","73","175","2010","2018","1987-08-23","105"
"98","Nick Collison","82","255","2005","2018","1980-10-26","174"
"99","Mike Conley","73","175","2008","2018","1987-10-11","102"
"100","Pat Connaughton","77","206","2016","2018","1993-01-06","24"
"101","Quinn Cook","74","184","2017","2018","1993-03-23","29"
"102","Charles Cooke","77","196","2018","2018","1994-07-01","93"
"103","Jack Cooley","81","260","2015","2018","1991-04-04","24"
"104","Matt Costello","81","245","2018","2018","1993-08-05","139"
"105","DeMarcus Cousins","83","270","2011","2018","1990-08-13","79"
"106","Robert Covington","81","215","2014","2018","1990-12-14","57"
"107","Allen Crabbe","78","210","2014","2018","1992-04-09","100"
"108","Torrey Craig","78","215","2018","2018","1990-12-19","151"
"109","Jamal Crawford","77","200","2001","2018","1980-03-20","125"
"110","Jordan Crawford","76","195","2011","2018","1988-10-23","119"
"111","Jae Crowder","78","235","2013","2018","1990-07-06","101"
"112","Dante Cunningham","80","230","2010","2018","1987-04-22","127"
"113","Stephen Curry","75","190","2010","2018","1988-03-14","54"
"114","Troy Daniels","76","205","2014","2018","1991-07-15","150"
"115","Anthony Davis","82","253","2013","2018","1993-03-11","79"
"116","Deyonta Davis","83","237","2017","2018","1996-12-02","139"
"117","Ed Davis","82","240","2011","2018","1989-06-05","43"
"118","Dewayne Dedmon","85","245","2014","2018","1989-08-12","4"
"119","Sam Dekker","81","230","2016","2018","1994-05-06","140"
"120","Malcolm Delaney","75","190","2017","2018","1989-03-11","134"
"121","Matthew Dellavedova","76","198","2014","2018","1990-09-08","18"
"122","Luol Deng","81","220","2005","2018","1985-04-16","29"
"123","DeMar DeRozan","79","221","2010","2018","1989-08-07","4"
"124","Cheick Diallo","81","220","2017","2018","1996-09-13","174"
"125","Gorgui Dieng","83","241","2014","2018","1990-01-18","182"
"126","Spencer Dinwiddie","78","200","2015","2018","1993-04-06","146"
"127","Tyler Dorsey","77","183","2018","2018","1996-02-14","21"
"128","Damyean Dotson","78","205","2018","2018","1994-05-06","67"
"129","Goran Dragic","75","190","2009","2018","1986-05-06","58"
"130","Andre Drummond","83","279","2013","2018","1993-08-10","42"
"131","Jared Dudley","79","225","2008","2018","1985-07-10","128"
"132","Kris Dunn","76","210","2017","2018","1994-03-18","137"
"133","Kevin Durant","81","240","2008","2018","1988-09-29","185"
"134","Henry Ellenson","83","245","2017","2018","1997-01-13","101"
"135","Wayne Ellington","76","200","2010","2018","1987-10-29","43"
"136","Joel Embiid","85","250","2017","2018","1994-03-16","174"
"137","James Ennis","79","210","2015","2018","1990-07-01","161"
"138","Tyler Ennis","75","194","2015","2018","1994-08-24","34"
"139","Jawun Evans","73","185","2018","2018","1996-07-26","89"
"140","Tyreke Evans","78","220","2010","2018","1989-09-19","23"
"141","Kenneth Faried","80","228","2012","2018","1989-11-19","117"
"142","Derrick Favors","82","265","2011","2018","1991-07-15","115"
"143","Kay Felder","69","176","2017","2018","1995-03-29","144"
"144","Cristiano Felicio","82","275","2016","2018","1992-07-07","58"
"145","Raymond Felton","73","205","2006","2018","1984-06-26","43"
"146","Terrance Ferguson","79","184","2018","2018","1998-05-17","58"
"147","Yogi Ferrell","73","180","2017","2018","1993-05-09","30"
"148","Dorian Finney-Smith","80","220","2017","2018","1993-05-04","138"
"149","Bryn Forbes","75","190","2017","2018","1993-07-23","139"
"150","Evan Fournier","79","205","2013","2018","1992-10-29","58"
"151","DeAaron Fox","75","170","2018","2018","1997-12-20","79"
"152","Tim Frazier","73","170","2015","2018","1990-11-01","33"
"153","Channing Frye","83","255","2006","2018","1983-05-17","173"
"154","Markelle Fultz","76","195","2018","2018","1998-05-29","126"
"155","Danilo Gallinari","82","225","2009","2018","1988-08-08","58"
"156","Langston Galloway","74","200","2015","2018","1991-12-09","175"
"157","Marc Gasol","85","255","2009","2018","1985-01-29","58"
"158","Pau Gasol","85","250","2002","2018","1980-07-06","58"
"159","Rudy Gay","80","230","2007","2018","1986-08-17","42"
"160","Paul George","81","220","2011","2018","1990-05-02","13"
"161","Marcus Georges-Hunt","77","216","2017","2018","1994-03-28","115"
"162","Taj Gibson","81","225","2010","2018","1985-06-24","4"
"163","Manu Ginobili","78","205","2003","2018","1977-07-28","58"
"164","Rudy Gobert","85","245","2014","2018","1992-06-26","58"
"165","Aaron Gordon","81","220","2015","2018","1995-09-16","173"
"166","Eric Gordon","76","215","2009","2018","1988-12-25","30"
"167","Marcin Gortat","83","240","2008","2018","1984-02-17","58"
"168","Treveon Graham","78","220","2017","2018","1993-10-29","150"
"169","Jerami Grant","80","210","2015","2018","1994-03-12","34"
"170","Jerian Grant","76","195","2016","2018","1992-10-09","24"
"171","Danny Green","78","215","2010","2018","1987-06-22","43"
"172","Draymond Green","79","230","2013","2018","1990-03-04","139"
"173","JaMychal Green","81","227","2015","2018","1990-06-21","78"
"174","Jeff Green","81","235","2008","2018","1986-08-28","66"
"175","Blake Griffin","82","251","2011","2018","1989-03-16","85"
"176","Daniel Hamilton","79","195","2018","2018","1995-08-08","42"
"177","Tim Hardaway","78","205","2014","2018","1992-03-16","125"
"178","James Harden","77","220","2010","2018","1989-08-26","155"
"179","Maurice Harkless","81","215","2013","2018","1993-05-11","45"
"180","Montrezl Harrell","80","240","2016","2018","1994-01-26","182"
"181","Devin Harris","75","192","2005","2018","1983-02-27","140"
"182","Gary Harris","76","210","2015","2018","1994-09-14","139"
"183","Joe Harris","78","219","2015","2018","1991-09-06","111"
"184","Tobias Harris","81","235","2012","2018","1992-07-15","76"
"185","Andrew Harrison","78","213","2017","2018","1994-10-28","79"
"186","Josh Hart","77","209","2018","2018","1995-03-06","127"
"187","Udonis Haslem","80","235","2004","2018","1980-06-09","138"
"188","Gordon Hayward","80","226","2011","2018","1990-03-23","48"
"189","John Henson","83","229","2013","2018","1990-12-28","43"
"190","Juan Hernangomez","81","230","2017","2018","1995-09-28","58"
"191","Willy Hernangomez","83","240","2017","2018","1994-05-27","58"
"192","Mario Hezonja","80","215","2016","2018","1995-02-25","58"
"193","Buddy Hield","76","214","2017","2018","1993-12-17","85"
"194","Nene Hilario","83","250","2003","2018","1982-09-13","58"
"195","George Hill","75","188","2009","2018","1986-05-04","28"
"196","Darrun Hilliard","78","205","2016","2018","1993-04-13","127"
"197","Jrue Holiday","76","205","2010","2018","1990-06-12","105"
"198","Justin Holiday","78","185","2013","2018","1989-04-05","126"
"199","John Holland","77","205","2018","2018","1988-11-06","32"
"200","Rondae Hollis-Jefferson","79","220","2016","2018","1995-01-03","173"
"201","Richaun Holmes","82","245","2016","2018","1993-10-15","8"
"202","Rodney Hood","80","206","2015","2018","1992-10-20","29"
"203","Al Horford","82","245","2008","2018","1986-06-03","138"
"204","Danuel House","79","207","2017","2018","1993-06-07","170"
"205","Dwight Howard","83","265","2005","2018","1985-12-08","58"
"206","Josh Huestis","79","230","2016","2018","1991-12-19","177"
"207","Vince Hunter","80","208","2018","2018","1994-08-05","160"
"208","Serge Ibaka","82","235","2010","2018","1989-09-18","58"
"209","Andre Iguodala","78","215","2005","2018","1984-01-28","173"
"210","Ersan Ilyasova","82","235","2007","2018","1987-05-15","58"
"211","Joe Ingles","80","226","2015","2018","1987-10-02","58"
"212","Brandon Ingram","81","190","2017","2018","1997-09-02","29"
"213","Kyrie Irving","75","193","2012","2018","1992-03-23","29"
"214","Jonathan Isaac","82","210","2018","2018","1997-10-03","178"
"215","Wesley Iwundu","79","193","2018","2018","1994-12-20","166"
"216","Jarrett Jack","75","200","2006","2018","1983-10-28","115"
"217","Demetrius Jackson","73","201","2017","2018","1994-09-07","24"
"218","Josh Jackson","80","207","2018","2018","1997-02-10","174"
"219","Justin Jackson","80","200","2018","2018","1995-03-28","43"
"220","Reggie Jackson","75","208","2012","2018","1990-04-16","128"
"221","LeBron James","80","250","2004","2018","1984-12-30","58"
"222","Mike James","73","189","2018","2018","1990-08-18","114"
"223","Al Jefferson","82","289","2005","2018","1985-01-04","58"
"224","Richard Jefferson","79","233","2002","2018","1980-06-21","173"
"225","Jonas Jerebko","82","231","2010","2018","1987-03-02","58"
"226","Amir Johnson","81","240","2006","2018","1987-05-01","58"
"227","Brice Johnson","82","230","2017","2018","1994-06-27","43"
"228","Dakari Johnson","85","255","2018","2018","1995-09-22","79"
"229","James Johnson","81","250","2010","2018","1987-02-20","95"
"230","Joe Johnson","79","240","2002","2018","1981-06-29","168"
"231","Stanley Johnson","79","245","2016","2018","1996-05-29","173"
"232","Tyler Johnson","76","186","2015","2018","1992-05-07","13"
"233","Wesley Johnson","79","215","2011","2018","1987-07-11","34"
"234","Nikola Jokic","82","250","2016","2018","1995-02-19","58"
"235","Damian Jones","85","245","2017","2018","1995-06-30","122"
"236","Derrick Jones","79","190","2017","2018","1997-02-15","149"
"237","Jalen Jones","79","223","2018","2018","1993-05-27","170"
"238","Tyus Jones","74","195","2016","2018","1996-05-10","29"
"239","DeAndre Jordan","83","265","2009","2018","1988-07-21","170"
"240","Cory Joseph","75","193","2012","2018","1991-08-20","185"
"241","Frank Kaminsky","85","242","2016","2018","1993-04-04","140"
"242","Enes Kanter","83","245","2012","2018","1992-05-20","58"
"243","Luke Kennard","78","206","2018","2018","1996-06-24","29"
"244","Michael Kidd-Gilchrist","79","232","2013","2018","1993-09-26","79"
"245","Sean Kilpatrick","76","210","2015","2018","1990-01-06","131"
"246","Maxi Kleber","82","220","2018","2018","1992-01-29","58"
"247","Furkan Korkmaz","79","185","2018","2018","1997-07-24","58"
"248","Kyle Korver","79","212","2004","2018","1981-03-17","83"
"249","Kosta Koufos","85","265","2009","2018","1989-02-24","102"
"250","Kyle Kuzma","81","220","2018","2018","1995-07-24","103"
"251","Mindaugas Kuzminskas","81","215","2017","2018","1989-10-19","58"
"252","Skal Labissiere","83","225","2017","2018","1996-03-18","79"
"253","Jeremy Lamb","77","185","2013","2018","1992-05-30","42"
"254","Shane Larkin","71","175","2014","2018","1992-10-02","26"
"255","Joffrey Lauvergne","83","220","2015","2018","1991-09-30","58"
"256","Jake Layman","81","210","2017","2018","1994-03-07","77"
"257","T.J. Leaf","82","222","2018","2018","1997-04-30","105"
"258","Courtney Lee","77","200","2009","2018","1985-10-03","1"
"259","Alex Len","85","260","2014","2018","1993-06-16","77"
"260","Kawhi Leonard","79","230","2012","2018","1991-06-29","71"
"261","Meyers Leonard","85","245","2013","2018","1992-02-27","99"
"262","Jon Leuer","82","228","2012","2018","1989-05-14","140"
"263","Caris LeVert","79","203","2017","2018","1994-08-25","125"
"264","DeAndre Liggins","78","209","2012","2018","1988-03-31","79"
"265","Damian Lillard","75","195","2013","2018","1990-07-15","123"
"266","Jeremy Lin","75","200","2011","2018","1988-08-23","82"
"267","Shaun Livingston","79","192","2005","2018","1985-09-11","58"
"268","Kevon Looney","81","220","2016","2018","1996-02-06","105"
"269","Brook Lopez","85","275","2009","2018","1988-04-01","177"
"270","Robin Lopez","85","255","2009","2018","1988-04-01","177"
"271","Kevin Love","82","251","2009","2018","1988-09-07","105"
"272","Kyle Lowry","73","205","2007","2018","1986-03-25","127"
"273","Timothe Luwawu-Cabarrot","78","205","2017","2018","1995-05-09","58"
"274","Tyler Lydon","82","215","2018","2018","1996-04-09","34"
"275","Trey Lyles","82","234","2016","2018","1995-11-05","79"
"276","Shelvin Mack","75","203","2012","2018","1990-04-22","48"
"277","Josh Magette","73","160","2018","2018","1989-11-28","50"
"278","Ian Mahinmi","83","250","2008","2018","1986-11-05","58"
"279","Thon Maker","85","216","2017","2018","1997-02-25","58"
"280","Boban Marjanovic","87","290","2016","2018","1988-08-15","58"
"281","Lauri Markkanen","85","230","2018","2018","1997-05-22","173"
"282","Jarell Martin","82","239","2016","2018","1994-05-24","11"
"283","Frank Mason","73","189","2018","2018","1994-04-03","174"
"284","Mangok Mathiang","82","230","2018","2018","1992-10-08","182"
"285","Wesley Matthews","77","220","2010","2018","1986-10-14","101"
"286","Luc Mbah a Moute","80","230","2009","2018","1986-09-09","105"
"287","James Michael McAdoo","81","230","2015","2018","1993-01-04","43"
"288","Patrick McCaw","79","185","2017","2018","1995-10-25","149"
"289","C.J. McCollum","75","190","2014","2018","1991-09-19","130"
"290","T.J. McConnell","74","200","2016","2018","1992-03-25","173"
"291","Chris McCullough","83","200","2016","2018","1995-02-05","34"
"292","Doug McDermott","80","225","2015","2018","1992-01-03","83"
"293","JaVale McGee","85","270","2009","2018","1988-01-19","84"
"294","Alfonzo McKinnie","80","215","2018","2018","1992-09-17","148"
"295","Ben McLemore","77","195","2014","2018","1993-02-11","174"
"296","Jodie Meeks","76","210","2010","2018","1987-08-21","79"
"297","Salah Mejri","85","245","2016","2018","1986-06-15","58"
"298","Jordan Mickey","80","235","2016","2018","1994-07-09","11"
"299","Khris Middleton","80","234","2013","2018","1991-08-12","170"
"300","C.J. Miles","78","225","2006","2018","1987-04-18","58"
"301","Darius Miller","80","235","2013","2018","1990-03-21","79"
"302","Malcolm Miller","79","210","2018","2018","1993-03-06","180"
"303","Patty Mills","73","185","2010","2018","1988-08-11","18"
"304","Paul Millsap","80","246","2007","2018","1985-02-10","10"
"305","Nikola Mirotic","82","220","2015","2018","1991-02-11","58"
"306","Donovan Mitchell","75","211","2018","2018","1996-09-07","182"
"307","Malik Monk","75","200","2018","2018","1998-02-04","79"
"308","Greg Monroe","83","265","2011","2018","1990-06-04","66"
"309","ETwaun Moore","76","191","2012","2018","1989-02-28","87"
"310","Eric Moreland","82","238","2015","2018","1991-12-24","44"
"311","Marcus Morris","81","235","2012","2018","1989-09-02","174"
"312","Markieff Morris","82","245","2012","2018","1989-09-02","174"
"313","Monte Morris","75","175","2018","2018","1995-06-27","36"
"314","Johnathan Motley","81","238","2018","2018","1995-05-04","124"
"315","Timofey Mozgov","85","275","2011","2018","1986-07-16","58"
"316","Emmanuel Mudiay","77","200","2016","2018","1996-03-05","58"
"317","Shabazz Muhammad","78","223","2014","2018","1992-11-13","105"
"318","Dejounte Murray","77","170","2017","2018","1996-09-19","126"
"319","Jamal Murray","76","207","2017","2018","1997-02-23","79"
"320","Mike Muscala","83","240","2014","2018","1991-07-01","56"
"321","Abdel Nader","78","230","2018","2018","1993-09-25","36"
"322","Larry Nance","81","230","2016","2018","1993-01-01","129"
"323","Shabazz Napier","73","175","2015","2018","1991-07-14","42"
"324","Jameer Nelson","73","190","2005","2018","1982-02-09","175"
"325","Raul Neto","73","179","2016","2018","1992-05-19","58"
"326","Joakim Noah","83","230","2008","2018","1985-02-25","138"
"327","Nerlens Noel","83","228","2015","2018","1994-04-10","79"
"328","Lucas Nogueira","85","241","2015","2018","1992-07-26","58"
"329","Dirk Nowitzki","85","245","1999","2018","1978-06-19","58"
"330","Frank Ntilikina","77","190","2018","2018","1998-07-28","58"
"331","Jusuf Nurkic","85","280","2015","2018","1994-08-23","58"
"332","David Nwaba","76","209","2017","2018","1993-01-14","60"
"333","Johnny OBryant","81","257","2015","2018","1993-06-01","11"
"334","Royce ONeale","78","215","2018","2018","1993-06-05","124"
"335","Kyle OQuinn","82","250","2013","2018","1990-03-26","35"
"336","Semi Ojeleye","79","241","2018","2018","1994-12-05","22"
"337","Jahlil Okafor","83","275","2016","2018","1995-12-15","29"
"338","Victor Oladipo","76","210","2014","2018","1992-05-04","30"
"339","Kelly Olynyk","85","238","2014","2018","1991-04-19","154"
"340","Cedi Osman","80","210","2018","2018","1995-04-08","58"
"341","Kelly Oubre","79","205","2016","2018","1995-12-09","174"
"342","Zaza Pachulia","83","270","2004","2018","1984-02-10","58"
"343","Marcus Paige","73","175","2018","2018","1993-09-11","43"
"344","Georgios Papagiannis","85","240","2017","2018","1997-07-03","58"
"345","Tony Parker","74","185","2002","2018","1982-05-17","58"
"346","Chandler Parsons","82","230","2012","2018","1988-10-25","138"
"347","Patrick Patterson","81","230","2011","2018","1989-03-14","79"
"348","Brandon Paul","76","200","2018","2018","1991-04-30","99"
"349","Chris Paul","73","175","2006","2018","1985-05-06","95"
"350","Adreian Payne","82","237","2015","2018","1991-02-19","139"
"351","Elfrid Payton","76","185","2015","2018","1994-02-22","72"
"352","Gary Payton","75","190","2017","2018","1992-12-01","44"
"353","London Perrantes","74","200","2018","2018","1994-10-03","111"
"354","Alec Peters","81","232","2018","2018","1995-04-13","41"
"355","Mason Plumlee","83","245","2014","2018","1990-03-05","29"
"356","Miles Plumlee","83","249","2013","2018","1988-09-01","29"
"357","Jakob Poeltl","85","248","2017","2018","1995-10-15","103"
"358","Quincy Pondexter","79","220","2011","2018","1988-03-10","126"
"359","Otto Porter","80","198","2014","2018","1993-06-03","66"
"360","Bobby Portis","83","230","2016","2018","1995-02-10","168"
"361","Kristaps Porzingis","87","240","2016","2018","1995-08-02","58"
"362","Dwight Powell","83","240","2015","2018","1991-07-20","177"
"363","Norman Powell","76","215","2016","2018","1993-05-25","105"
"364","Alex Poythress","79","238","2017","2018","1993-09-06","79"
"365","Jacob Pullen","73","200","2018","2018","1989-11-10","166"
"366","Zhou Qi","85","210","2018","2018","1996-01-16","58"
"367","Ivan Rabb","82","220","2018","2018","1997-02-04","100"
"368","Julius Randle","81","250","2015","2018","1994-11-29","79"
"369","Zach Randolph","81","260","2002","2018","1981-07-16","139"
"370","J.J. Redick","76","190","2007","2018","1984-06-24","29"
"371","Willie Reed","82","220","2016","2018","1990-05-16","110"
"372","Josh Richardson","78","200","2016","2018","1993-09-15","76"
"373","Malachi Richardson","78","205","2017","2018","1996-01-05","34"
"374","Austin Rivers","76","200","2013","2018","1992-08-01","29"
"375","Andre Roberson","79","210","2014","2018","1991-12-04","146"
"376","Rajon Rondo","73","186","2007","2018","1986-02-22","79"
"377","Derrick Rose","75","190","2009","2018","1988-10-04","23"
"378","Terrence Ross","79","206","2013","2018","1991-02-05","126"
"379","Terry Rozier","74","190","2016","2018","1994-03-17","182"
"380","Ricky Rubio","76","194","2012","2018","1990-10-21","58"
"381","DAngelo Russell","77","195","2016","2018","1996-02-23","102"
"382","Domantas Sabonis","83","240","2017","2018","1996-05-03","154"
"383","JaKarr Sampson","81","214","2015","2018","1993-03-20","45"
"384","Dario Saric","82","223","2017","2018","1994-04-08","58"
"385","Tomas Satoransky","79","210","2017","2018","1991-10-30","58"
"386","Dennis Schroder","73","172","2014","2018","1993-09-15","58"
"387","Mike Scott","80","237","2013","2018","1988-07-16","111"
"388","Thabo Sefolosha","79","220","2007","2018","1984-05-02","58"
"389","Wayne Selden","77","230","2017","2018","1994-09-30","174"
"390","Ramon Sessions","75","190","2008","2018","1986-04-11","84"
"391","Iman Shumpert","77","220","2012","2018","1990-06-26","115"
"392","Pascal Siakam","81","230","2017","2018","1994-02-04","164"
"393","Ben Simmons","82","230","2018","2018","1996-07-20","11"
"394","Jonathon Simmons","78","195","2016","2018","1989-09-14","67"
"395","Kobi Simmons","77","166","2018","2018","1997-07-04","173"
"396","Kyle Singler","80","228","2013","2018","1988-05-04","29"
"397","Marcus Smart","76","220","2015","2018","1994-03-06","89"
"398","Dennis Smith","75","195","2018","2018","1997-11-25","59"
"399","Ish Smith","73","175","2011","2018","1988-07-05","95"
"400","J.R. Smith","78","225","2005","2018","1985-09-09","58"
"401","Jason Smith","85","245","2008","2018","1986-03-02","98"
"402","Josh Smith","81","225","2005","2018","1985-12-05","58"
"403","Tony Snell","79","200","2014","2018","1991-11-10","16"
"404","Marreese Speights","82","255","2009","2018","1987-08-04","138"
"405","Nik Stauskas","78","205","2015","2018","1993-10-07","125"
"406","Lance Stephenson","77","230","2011","2018","1990-09-05","131"
"407","Julyan Stone","78","200","2012","2018","1988-12-07","160"
"408","Caleb Swanigan","80","250","2018","2018","1997-04-18","87"
"409","Jayson Tatum","80","205","2018","2018","1998-03-03","29"
"410","Isaiah Taylor","75","170","2017","2018","1994-07-11","185"
"411","Jeff Teague","74","186","2010","2018","1988-06-10","95"
"412","Mirza Teletovic","81","242","2013","2018","1985-09-18","58"
"413","Garrett Temple","78","195","2010","2018","1986-05-08","11"
"414","Milos Teodosic","77","196","2018","2018","1987-03-19","58"
"415","Jason Terry","74","185","2000","2018","1977-09-15","173"
"416","Daniel Theis","81","215","2018","2018","1992-04-04","58"
"417","Lance Thomas","80","235","2012","2018","1988-04-24","29"
"418","Klay Thompson","79","215","2012","2018","1990-02-08","169"
"419","Tristan Thompson","81","238","2012","2018","1991-03-13","185"
"420","Sindarius Thornwell","77","212","2018","2018","1994-11-15","25"
"421","Anthony Tolliver","80","240","2009","2018","1985-06-01","83"
"422","Karl-Anthony Towns","85","244","2016","2018","1995-11-15","79"
"423","P.J. Tucker","78","245","2007","2018","1985-05-05","185"
"424","Evan Turner","79","220","2011","2018","1988-10-27","102"
"425","Myles Turner","83","243","2016","2018","1996-03-24","185"
"426","Ekpe Udoh","82","240","2011","2018","1987-05-20","124"
"427","Tyler Ulis","70","150","2017","2018","1996-01-05","79"
"428","Jonas Valanciunas","85","265","2013","2018","1992-05-06","58"
"429","Denzel Valentine","78","212","2017","2018","1993-11-16","139"
"430","Fred VanVleet","73","195","2017","2018","1994-02-25","176"
"431","Rashad Vaughn","78","202","2016","2018","1996-08-16","149"
"432","Noah Vonleh","82","240","2015","2018","1995-08-24","30"
"433","Nikola Vucevic","85","260","2012","2018","1990-10-24","4"
"434","Dwyane Wade","76","220","2004","2018","1982-01-17","101"
"435","Dion Waiters","76","225","2013","2018","1991-12-10","34"
"436","Kemba Walker","73","172","2012","2018","1990-05-08","42"
"437","John Wall","76","195","2011","2018","1990-09-06","79"
"438","Taurean Waller-Prince","80","220","2017","2018","1994-03-22","124"
"439","Derrick Walton","73","189","2018","2018","1995-04-03","125"
"440","T.J. Warren","80","230","2015","2018","1993-09-05","59"
"441","Briante Weber","74","165","2016","2018","1992-12-29","150"
"442","David West","81","250","2004","2018","1980-08-29","119"
"443","Russell Westbrook","75","200","2009","2018","1988-11-12","105"
"444","Derrick White","77","190","2018","2018","1994-07-02","146"
"445","Okaro White","80","204","2017","2018","1992-08-13","178"
"446","Isaiah Whitehead","76","213","2017","2018","1995-03-08","61"
"447","Hassan Whiteside","85","265","2011","2018","1989-06-13","116"
"448","Andrew Wiggins","80","199","2015","2018","1995-02-23","174"
"449","Jacob Wiley","79","215","2018","2018","1994-09-04","74"
"450","Damien Wilkins","78","225","2005","2018","1980-01-11","171"
"451","C.J. Williams","77","225","2018","2018","1990-02-06","59"
"452","Lou Williams","73","175","2006","2018","1986-10-27","58"
"453","Marvin Williams","81","237","2006","2018","1986-06-19","43"
"454","Matt Williams","77","210","2018","2018","1993-10-14","69"
"455","Troy Williams","79","218","2017","2018","1994-12-30","30"
"456","D.J. Wilson","82","234","2018","2018","1996-02-19","125"
"457","Jamil Wilson","79","230","2018","2018","1990-11-21","101"
"458","Justise Winslow","79","225","2016","2018","1996-03-26","29"
"459","Jeff Withey","85","231","2014","2018","1990-03-07","174"
"460","Nate Wolters","76","190","2014","2018","1991-05-15","70"
"461","Brandan Wright","82","210","2008","2018","1987-10-05","43"
"462","Delon Wright","77","183","2016","2018","1992-04-26","103"
"463","Guerschon Yabusele","79","260","2018","2018","1995-12-17","58"
"464","Joe Young","74","180","2016","2018","1992-06-27","21"
"465","Nick Young","79","210","2008","2018","1985-06-01","4"
"466","Thaddeus Young","80","221","2008","2018","1988-06-21","115"
"467","Cody Zeller","85","240","2014","2018","1992-10-05","30"
"468","Tyler Zeller","85","253","2013","2018","1990-01-17","43"
"469","Paul Zipser","80","215","2017","2018","1994-02-18","58"
"470","Ante Zizic","83","250","2018","2018","1997-01-04","58"
"471","Ivica Zubac","85","265","2017","2018","1997-03-18","58"
"472","Alexis Ajinca","86","248","2009","2017","1988-05-06","58"
"473","Lavoy Allen","81","260","2012","2017","1989-02-04","31"
"474","Chris Andersen","82","245","2002","2017","1978-07-07","135"
"475","Alan Anderson","78","220","2006","2017","1982-10-16","139"
"476","Joel Anthony","81","245","2008","2017","1982-08-09","149"
"477","Wade Baldwin","76","202","2017","2017","1996-03-29","122"
"478","Leandro Barbosa","75","194","2004","2017","1982-11-28","58"
"479","Matt Barnes","79","226","2004","2017","1980-03-09","105"
"480","Brandon Bass","80","250","2006","2017","1985-04-30","11"
"481","Anthony Bennett","80","245","2014","2017","1993-03-14","149"
"482","Ben Bentil","81","235","2017","2017","1995-03-29","137"
"483","Anthony Brown","79","210","2016","2017","1992-10-10","177"
"484","Trey Burke","73","191","2014","2017","1992-11-12","125"
"485","Rakeem Christmas","81","250","2016","2017","1991-12-01","34"
"486","Semaj Christon","75","190","2017","2017","1992-11-01","119"
"487","Norris Cole","74","175","2012","2017","1988-10-13","52"
"488","Seth Curry","74","185","2014","2017","1990-08-23","29"
"489","Boris Diaw","80","250","2004","2017","1982-04-16","58"
"490","Toney Douglas","74","195","2010","2017","1986-03-16","178"
"491","Mike Dunleavy","81","230","2003","2017","1980-09-15","29"
"492","Jarell Eddie","79","218","2016","2017","1991-10-30","134"
"493","Monta Ellis","75","185","2006","2017","1985-10-26","58"
"494","Dante Exum","78","190","2015","2017","1995-07-13","58"
"495","Jordan Farmar","74","180","2007","2017","1986-11-30","105"
"496","Randy Foye","76","213","2007","2017","1983-09-24","127"
"497","Patricio Garino","78","210","2017","2017","1993-05-17","167"
"498","Michael Gbinije","79","200","2017","2017","1992-06-05","34"
"499","Alonzo Gee","78","225","2010","2017","1987-05-29","78"
"500","Jonathan Gibson","74","185","2017","2017","1987-11-08","164"
"501","Archie Goodwin","77","200","2014","2017","1994-08-17","79"
"502","Gerald Green","79","205","2006","2017","1986-01-26","58"
"503","Justin Hamilton","85","260","2014","2017","1990-04-01","11"
"504","A.J. Hammons","85","260","2017","2017","1992-08-27","87"
"505","Justin Harper","82","225","2012","2017","1989-08-30","86"
"506","Manny Harris","77","185","2011","2017","1989-09-21","125"
"507","Aaron Harrison","78","210","2016","2017","1994-10-28","79"
"508","Spencer Hawes","85","245","2008","2017","1988-04-28","126"
"509","Gerald Henderson","77","215","2010","2017","1987-12-09","29"
"510","Roy Hibbert","86","270","2009","2017","1986-12-11","66"
"511","Jordan Hill","82","235","2010","2017","1987-07-27","173"
"512","Solomon Hill","79","225","2014","2017","1991-03-18","173"
"513","Marcelo Huertas","75","200","2016","2017","1983-05-25","58"
"514","Kris Humphries","81","235","2005","2017","1985-02-06","7"
"515","R.J. Hunter","77","185","2016","2017","1993-10-24","120"
"516","Pierre Jackson","70","180","2017","2017","1991-08-29","124"
"517","John Jenkins","76","215","2013","2017","1991-03-06","122"
"518","Brandon Jennings","73","170","2010","2017","1989-09-23","58"
"519","Dahntay Jones","78","225","2004","2017","1980-12-27","29"
"520","James Jones","80","218","2004","2017","1980-10-04","26"
"521","Terrence Jones","81","252","2013","2017","1992-01-09","79"
"522","Ryan Kelly","83","230","2014","2017","1991-04-09","29"
"523","Brandon Knight","75","189","2012","2017","1991-12-02","79"
"524","Nicolas Laprovittola","76","180","2017","2017","1990-01-31","58"
"525","Zach LaVine","77","189","2015","2017","1995-03-10","105"
"526","Ty Lawson","71","195","2010","2017","1987-11-03","43"
"527","David Lee","81","245","2006","2017","1983-04-29","138"
"528","Shawn Long","81","255","2017","2017","1993-01-29","72"
"529","John Lucas III","71","166","2006","2017","1982-11-21","89"
"530","Sheldon Mac","77","200","2017","2017","1992-12-21","26"
"531","K.J. McDaniels","78","205","2015","2017","1993-02-09","163"
"532","Rodney McGruder","76","205","2017","2017","1991-07-29","166"
"533","Jordan McRae","78","185","2016","2017","1991-03-28","76"
"534","Josh McRoberts","82","240","2008","2017","1987-02-28","29"
"535","Mike Miller","80","218","2001","2017","1980-02-19","138"
"536","Elijah Millsap","78","225","2015","2017","1987-08-12","37"
"537","Anthony Morrow","77","210","2009","2017","1985-09-27","115"
"538","Donatas Motiejunas","85","222","2013","2017","1990-09-20","58"
"539","Maurice Ndour","81","200","2017","2017","1992-06-18","143"
"540","Gary Neal","76","210","2011","2017","1984-10-03","64"
"541","Georges Niang","80","230","2017","2017","1993-06-17","36"
"542","Andrew Nicholson","81","250","2013","2017","1989-12-08","184"
"543","Steve Novak","82","225","2007","2017","1983-06-13","101"
"544","Daniel Ochefu","83","245","2017","2017","1993-12-15","127"
"545","Arinze Onuaku","81","255","2014","2017","1987-07-13","34"
"546","Chinanu Onuaku","82","245","2017","2017","1996-11-01","182"
"547","Jabari Parker","80","250","2015","2017","1995-03-15","29"
"548","Lamar Patterson","77","225","2016","2017","1991-08-12","147"
"549","Cameron Payne","75","185","2016","2017","1994-08-08","51"
"550","Paul Pierce","79","235","1999","2017","1977-10-13","174"
"551","Marshall Plumlee","85","250","2017","2017","1992-07-14","29"
"552","Ronnie Price","74","190","2006","2017","1983-06-21","3"
"553","Tim Quarterman","78","195","2017","2017","1994-10-27","11"
"554","Chasson Randle","74","185","2017","2017","1993-02-05","177"
"555","Brian Roberts","73","173","2013","2017","1985-12-03","93"
"556","Glenn Robinson","78","222","2015","2017","1994-01-08","125"
"557","Thomas Robinson","82","237","2013","2017","1991-03-17","174"
"558","Sergio Rodriguez","75","176","2007","2017","1986-06-12","58"
"559","Damjan Rudez","82","228","2015","2017","1986-06-17","58"
"560","Brandon Rush","78","220","2009","2017","1985-07-07","174"
"561","Larry Sanders","83","235","2011","2017","1988-11-21","150"
"562","Luis Scola","81","240","2008","2017","1980-04-30","58"
"563","Kevin Seraphin","81","285","2011","2017","1989-12-07","58"
"564","Tiago Splitter","83","245","2011","2017","1985-01-01","58"
"565","Jarnell Stokes","81","263","2015","2017","1994-01-07","76"
"566","Diamond Stone","83","255","2017","2017","1997-02-10","77"
"567","Rodney Stuckey","77","210","2008","2017","1986-04-21","74"
"568","Jared Sullinger","81","260","2013","2017","1992-03-04","102"
"569","Edy Tavares","87","260","2016","2017","1992-03-22","58"
"570","Isaiah Thomas","69","185","2012","2017","1989-02-07","126"
"571","Hollis Thompson","80","206","2014","2017","1991-04-03","66"
"572","Marcus Thornton","76","205","2010","2017","1987-06-05","11"
"573","Mike Tobey","85","260","2017","2017","1994-10-10","111"
"574","Axel Toupane","79","197","2016","2017","1992-07-23","58"
"575","Beno Udrih","75","205","2005","2017","1982-07-05","58"
"576","Jarrod Uthoff","81","221","2017","2017","1993-05-19","19"
"577","Anderson Varejao","82","273","2005","2017","1982-09-28","58"
"578","Greivis Vasquez","78","217","2011","2017","1987-01-16","77"
"579","Sasha Vujacic","79","195","2005","2017","1984-03-08","58"
"580","C.J. Watson","74","175","2008","2017","1984-04-17","76"
"581","C.J. Wilcox","77","195","2015","2017","1990-12-30","126"
"582","Alan Williams","80","260","2016","2017","1993-01-28","132"
"583","Deron Williams","75","200","2006","2017","1984-06-26","99"
"584","Derrick Williams","80","240","2012","2017","1991-05-25","173"
"585","Reggie Williams","78","205","2010","2017","1986-09-14","121"
"586","Kyle Wiltjer","82","240","2017","2017","1992-10-20","154"
"587","Christian Wood","83","220","2016","2017","1995-09-27","149"
"588","Metta World Peace","78","260","2000","2017","1979-11-13","45"
"589","James Young","78","215","2015","2017","1995-08-16","79"
"590","Stephen Zimmerman","85","240","2017","2017","1996-09-09","149"
"591","Jordan Adams","77","209","2015","2016","1994-07-08","105"
"592","Cliff Alexander","80","245","2016","2016","1995-11-16","174"
"593","Lou Amundson","81","220","2007","2016","1982-12-07","149"
"594","James Anderson","78","213","2011","2016","1989-03-25","89"
"595","Thanasis Antetokounmpo","79","205","2016","2016","1992-07-17","58"
"596","Keith Appling","73","185","2016","2016","1992-02-13","139"
"597","Jeff Ayres","81","240","2010","2016","1987-04-29","155"
"598","Cameron Bairstow","81","250","2015","2016","1990-12-07","16"
"599","Andrea Bargnani","85","245","2007","2016","1985-10-26","58"
"600","DeJuan Blair","79","270","2010","2016","1989-04-22","147"
"601","Steve Blake","75","172","2004","2016","1980-02-26","77"
"602","Matt Bonner","82","235","2005","2016","1980-04-05","138"
"603","Chris Bosh","83","235","2004","2016","1984-03-24","115"
"604","Elton Brand","80","275","2000","2016","1979-03-11","29"
"605","Markel Brown","75","190","2015","2016","1992-01-29","89"
"606","Kobe Bryant","78","212","1997","2016","1978-08-23","58"
"607","Chase Budinger","79","209","2010","2016","1988-05-22","173"
"608","Caron Butler","79","228","2003","2016","1980-03-13","42"
"609","Rasual Butler","79","215","2003","2016","1979-05-23","81"
"610","Coty Clarke","79","232","2016","2016","1992-07-04","168"
"611","Chris Copeland","81","239","2013","2016","1984-03-17","146"
"612","Bryce Cotton","73","165","2015","2016","1992-08-11","137"
"613","Jared Cunningham","76","195","2013","2016","1991-05-22","44"
"614","Branden Dawson","78","225","2016","2016","1993-02-01","139"
"615","Bryce Dejean-Jones","78","209","2016","2016","1992-08-21","36"
"616","Duje Dukan","81","220","2016","2016","1991-12-04","140"
"617","Tim Duncan","83","250","1998","2016","1976-04-25","95"
"618","Cleanthony Early","80","210","2015","2016","1991-04-17","176"
"619","Jeremy Evans","81","200","2011","2016","1987-10-24","1"
"620","Festus Ezeli","83","255","2013","2016","1989-10-21","122"
"621","Jimmer Fredette","74","195","2012","2016","1989-02-25","145"
"622","Kevin Garnett","83","240","1996","2016","1976-05-19","58"
"623","Drew Gooden","82","250","2003","2016","1981-09-24","174"
"624","Andrew Goudelock","75","200","2012","2016","1988-12-07","47"
"625","Erick Green","76","185","2015","2016","1991-05-09","134"
"626","Jorge Gutierrez","75","191","2014","2016","1988-12-27","100"
"627","P.J. Hairston","78","230","2015","2016","1992-12-24","43"
"628","Jordan Hamilton","79","220","2012","2016","1990-10-06","185"
"629","Tyler Hansbrough","81","250","2010","2016","1985-11-03","43"
"630","Chuck Hayes","78","240","2006","2016","1983-06-11","79"
"631","J.J. Hickson","81","242","2009","2016","1988-09-04","59"
"632","Kirk Hinrich","76","190","2004","2016","1981-01-02","174"
"633","Ryan Hollins","85","240","2007","2016","1984-10-10","105"
"634","Damien Inglis","80","246","2016","2016","1995-05-20","58"
"635","Cory Jefferson","81","218","2015","2016","1990-12-26","124"
"636","Chris Johnson","78","206","2013","2016","1990-04-29","93"
"637","Orlando Johnson","77","220","2013","2016","1989-03-11","132"
"638","Chris Kaman","85","265","2004","2016","1982-04-28","6"
"639","Sergey Karasev","79","208","2014","2016","1993-10-26","58"
"640","Sasha Kaun","83","260","2016","2016","1985-05-08","174"
"641","Carl Landry","81","248","2008","2016","1983-09-19","87"
"642","Devyn Marble","78","200","2015","2016","1992-09-21","19"
"643","Kendall Marshall","76","200","2013","2016","1991-08-19","43"
"644","Kevin Martin","79","199","2005","2016","1983-02-01","159"
"645","O.J. Mayo","77","210","2009","2016","1987-11-05","4"
"646","Ray McCallum","75","190","2014","2016","1991-06-12","153"
"647","Mitch McGary","82","255","2015","2016","1992-06-06","125"
"648","Andre Miller","75","200","2000","2016","1976-03-19","103"
"649","Nazr Mohammed","82","221","1999","2016","1977-09-05","79"
"650","Luis Montero","79","185","2016","2016","1993-04-06","46"
"651","Xavier Munford","74","180","2016","2016","1992-06-01","97"
"652","J.J. OBrien","79","228","2016","2016","1992-04-08","71"
"653","Kostas Papanikolaou","80","225","2015","2016","1990-07-31","58"
"654","Nikola Pekovic","83","307","2011","2016","1986-01-03","58"
"655","Kendrick Perkins","82","270","2004","2016","1984-11-10","58"
"656","Tibor Pleiss","87","256","2016","2016","1989-11-02","58"
"657","Phil Pressey","71","175","2014","2016","1991-02-17","156"
"658","Pablo Prigioni","75","185","2013","2016","1977-05-17","58"
"659","Tayshaun Prince","81","212","2003","2016","1980-02-28","79"
"660","Nate Robinson","69","180","2006","2016","1984-05-31","126"
"661","Robert Sacre","85","270","2013","2016","1989-06-06","154"
"662","Henry Sims","82","248","2013","2016","1990-03-27","66"
"663","Donald Sloan","75","205","2012","2016","1988-01-15","170"
"664","Greg Smith","82","250","2012","2016","1991-01-08","13"
"665","Russ Smith","73","165","2015","2016","1991-04-19","182"
"666","Alex Stepheson","82","270","2016","2016","1987-08-07","4"
"667","Amare Stoudemire","82","245","2003","2016","1982-11-16","58"
"668","Jason Thompson","83","250","2009","2016","1986-07-21","109"
"669","Charlie Villanueva","83","232","2006","2016","1984-08-24","42"
"670","Sonny Weems","78","205","2009","2016","1986-07-08","168"
"671","Shayne Whittington","83","250","2015","2016","1991-03-27","92"
"672","Elliot Williams","77","190","2012","2016","1989-06-20","23"
"673","Mo Williams","73","198","2004","2016","1982-12-19","78"
"674","Tony Wroten","78","205","2013","2016","1993-04-13","126"
"675","Jeff Adrien","79","245","2011","2015","1986-02-10","42"
"676","Furkan Aldemir","82","240","2015","2015","1991-08-09","58"
"677","Pero Antic","83","260","2014","2015","1982-07-29","58"
"678","Earl Barron","85","250","2006","2015","1981-08-14","23"
"679","Jerrelle Benimon","80","245","2015","2015","1991-08-01","64"
"680","Sim Bhullar","89","360","2015","2015","1992-12-02","164"
"681","Carlos Boozer","81","258","2003","2015","1981-11-20","29"
"682","Jabari Brown","76","215","2015","2015","1992-12-18","156"
"683","Shannon Brown","76","205","2007","2015","1985-11-29","139"
"684","Dwight Buycks","75","190","2014","2015","1989-03-06","101"
"685","Will Bynum","73","185","2006","2015","1983-01-04","115"
"686","Nick Calathes","78","213","2014","2015","1989-02-07","138"
"687","Will Cherry","73","185","2015","2015","1991-02-08","9"
"688","Patrick Christopher","77","209","2015","2015","1988-06-03","100"
"689","Earl Clark","82","225","2010","2015","1988-01-17","182"
"690","Victor Claver","81","224","2013","2015","1988-08-30","58"
"691","Samuel Dalembert","83","255","2002","2015","1981-05-10","61"
"692","Luigi Datome","80","215","2014","2015","1987-11-27","58"
"693","Brandon Davies","82","240","2014","2015","1991-07-25","145"
"694","Glen Davis","81","289","2008","2015","1986-01-01","11"
"695","Andre Dawkins","77","215","2015","2015","1991-09-19","29"
"696","Austin Daye","83","220","2010","2015","1988-06-05","154"
"697","Joey Dorsey","80","268","2009","2015","1983-12-16","23"
"698","Chris Douglas-Roberts","79","200","2009","2015","1987-01-08","23"
"699","Zoran Dragic","77","200","2015","2015","1989-06-22","58"
"700","Larry Drew","74","180","2015","2015","1990-03-05","105"
"701","Reggie Evans","80","245","2003","2015","1980-05-18","19"
"702","Landry Fields","79","210","2011","2015","1988-06-27","177"
"703","Jamaal Franklin","77","191","2014","2015","1991-07-21","71"
"704","Joel Freeland","82","250","2013","2015","1987-02-07","58"
"705","Francisco Garcia","79","195","2006","2015","1981-12-31","182"
"706","Ben Gordon","75","200","2005","2015","1983-04-04","42"
"707","Drew Gordon","81","245","2015","2015","1990-07-12","16"
"708","Danny Granger","81","222","2006","2015","1983-04-20","16"
"709","Willie Green","76","200","2004","2015","1981-07-28","153"
"710","Brendan Haywood","85","268","2002","2015","1979-11-27","43"
"711","Xavier Henry","78","220","2011","2015","1991-03-15","174"
"712","Lester Hudson","75","190","2010","2015","1984-08-07","96"
"713","Robbie Hummel","80","215","2014","2015","1989-03-08","87"
"714","Bernard James","82","240","2013","2015","1985-02-07","178"
"715","Grant Jerrett","82","235","2015","2015","1993-07-08","173"
"716","Nick Johnson","75","202","2015","2015","1992-12-22","173"
"717","Perry Jones","83","235","2013","2015","1991-09-24","124"
"718","Jerome Jordan","85","253","2012","2015","1986-09-29","158"
"719","Andrei Kirilenko","81","220","2002","2015","1981-02-18","58"
"720","Alex Kirk","85","245","2015","2015","1991-11-14","16"
"721","Ognjen Kuzmic","85","251","2014","2015","1990-05-16","58"
"722","Ricky Ledo","79","195","2014","2015","1992-09-10","58"
"723","Malcolm Lee","77","200","2012","2015","1990-05-22","105"
"724","Kalin Lucas","73","195","2015","2015","1989-05-24","139"
"725","Shawn Marion","79","220","2000","2015","1978-05-07","149"
"726","Cartier Martin","79","220","2009","2015","1984-11-20","166"
"727","Kenyon Martin","81","234","2001","2015","1977-12-30","131"
"728","Jason Maxiell","79","260","2006","2015","1983-02-18","131"
"729","Jerel McNeal","75","200","2015","2015","1987-06-01","101"
"730","Gal Mekel","75","191","2014","2015","1988-03-04","176"
"731","Quincy Miller","81","210","2013","2015","1992-11-18","124"
"732","Darius Morris","76","190","2012","2015","1991-01-03","125"
"733","Toure Murry","77","195","2014","2015","1989-11-08","176"
"734","Jannero Pargo","73","175","2003","2015","1979-10-22","168"
"735","A.J. Price","74","181","2010","2015","1986-10-07","42"
"736","Miroslav Raduljica","85","250","2014","2015","1988-01-05","58"
"737","Shavlik Randolph","82","240","2006","2015","1983-11-24","29"
"738","Glen Rice","78","206","2014","2015","1991-01-01","115"
"739","Jason Richardson","78","220","2002","2015","1981-01-20","139"
"740","Luke Ridnour","74","175","2004","2015","1981-02-13","21"
"741","John Salmons","79","210","2003","2015","1979-12-12","26"
"742","Alexey Shved","78","190","2013","2015","1988-12-16","58"
"743","Greg Stiemsma","83","260","2012","2015","1985-09-26","140"
"744","David Stockton","71","165","2015","2015","1991-06-24","154"
"745","Jeffery Taylor","79","225","2013","2015","1989-05-23","122"
"746","Sebastian Telfair","73","165","2005","2015","1985-06-09","58"
"747","Malcolm Thomas","81","225","2012","2015","1988-11-08","71"
"748","Tyrus Thomas","81","215","2007","2015","1986-08-17","11"
"749","Ronny Turiaf","82","249","2006","2015","1983-01-13","154"
"750","Hedo Turkoglu","82","220","2001","2015","1979-03-19","58"
"751","Henry Walker","78","220","2009","2015","1987-10-09","166"
"752","Gerald Wallace","79","215","2002","2015","1982-07-23","78"
"753","David Wear","82","230","2015","2015","1990-09-21","105"
"754","Travis Wear","82","230","2015","2015","1990-09-21","105"
"755","Martell Webster","79","230","2006","2015","1986-12-04","58"
"756","Shawne Williams","81","225","2007","2015","1986-02-16","23"
"757","Dorell Wright","81","205","2005","2015","1985-12-02","58"
"758","Ray Allen","77","205","1997","2014","1975-07-20","42"
"759","Hilton Armstrong","83","235","2007","2014","1984-11-11","42"
"760","Gustavo Ayon","82","250","2012","2014","1985-04-01","58"
"761","Chris Babb","77","225","2014","2014","1990-02-14","36"
"762","Shane Battier","80","220","2002","2014","1978-09-09","29"
"763","Andris Biedrins","83","240","2005","2014","1986-04-02","58"
"764","Chauncey Billups","75","202","1998","2014","1976-09-25","146"
"765","Andray Blatche","83","235","2006","2014","1986-08-22","58"
"766","Keith Bogans","77","215","2004","2014","1980-05-12","79"
"767","Ronnie Brewer","79","220","2007","2014","1985-03-20","168"
"768","MarShon Brooks","77","200","2012","2014","1989-01-26","137"
"769","Andrew Bynum","85","285","2006","2014","1987-10-27","58"
"770","Josh Childress","80","210","2005","2014","1983-06-20","177"
"771","Dionte Christmas","77","205","2014","2014","1986-09-15","31"
"772","Jason Collins","85","255","2002","2014","1978-12-02","177"
"773","Nando De Colo","77","200","2013","2014","1987-06-23","58"
"774","Shane Edwards","79","220","2014","2014","1987-05-31","142"
"775","Melvin Ely","82","260","2003","2014","1978-05-02","13"
"776","Vitor Faverani","83","260","2014","2014","1988-05-05","58"
"777","Carrick Felix","78","201","2014","2014","1990-08-17","155"
"778","Derek Fisher","73","200","1997","2014","1974-08-09","142"
"779","Diante Garrett","76","190","2013","2014","1988-11-03","36"
"780","Ryan Gomes","79","250","2006","2014","1982-09-01","137"
"781","Aaron Gray","85","270","2008","2014","1984-12-07","147"
"782","Josh Harrellson","82","275","2012","2014","1989-02-12","79"
"783","Al Harrington","81","230","1999","2014","1980-02-17","58"
"784","Elias Harris","80","239","2014","2014","1989-07-06","154"
"785","Mike Harris","78","240","2008","2014","1983-06-15","179"
"786","Scotty Hopson","79","204","2014","2014","1989-08-08","76"
"787","Royal Ivey","75","200","2005","2014","1981-12-20","185"
"788","Stephen Jackson","80","218","2001","2014","1978-04-05","62"
"789","Damion James","79","225","2011","2014","1987-10-07","185"
"790","Antawn Jamison","80","223","1999","2014","1976-06-12","43"
"791","Othyus Jeffers","77","200","2010","2014","1985-08-05","181"
"792","Darius Johnson-Odom","74","215","2013","2014","1989-09-28","101"
"793","Solomon Jones","82","230","2007","2014","1984-07-16","68"
"794","Viacheslav Kravtsov","85","260","2013","2014","1987-08-25","58"
"795","Doron Lamb","76","210","2013","2014","1991-11-06","79"
"796","Rashard Lewis","82","215","1999","2014","1979-08-08","58"
"797","Roger Mason","77","200","2003","2014","1980-09-10","111"
"798","Eric Maynor","75","175","2010","2014","1987-06-11","150"
"799","Tony Mitchell","80","235","2014","2014","1992-04-07","15"
"800","Arnett Moultrie","83","249","2013","2014","1990-11-18","91"
"801","Byron Mullens","85","275","2010","2014","1989-02-14","102"
"802","Erik Murphy","82","230","2014","2014","1990-10-26","138"
"803","Hamady NDiaye","85","235","2011","2014","1987-01-12","136"
"804","Steve Nash","75","195","1997","2014","1974-02-07","152"
"805","Nemanja Nedovic","75","192","2014","2014","1991-06-16","58"
"806","James Nunnally","79","205","2014","2014","1990-07-14","132"
"807","Jermaine ONeal","83","226","1997","2014","1978-10-13","58"
"808","Greg Oden","85","250","2009","2014","1988-01-22","102"
"809","Daniel Orton","82","255","2012","2014","1990-08-06","79"
"810","Travis Outlaw","81","210","2004","2014","1984-09-18","58"
"811","Dexter Pittman","83","308","2011","2014","1988-03-02","185"
"812","Josh Powell","81","225","2006","2014","1983-01-25","59"
"813","Anthony Randolph","82","205","2009","2014","1989-07-15","11"
"814","Mustafa Shakur","75","190","2011","2014","1984-08-18","173"
"815","Tornike Shengelia","81","217","2013","2014","1991-10-05","58"
"816","Chris Singleton","80","230","2012","2014","1989-11-21","178"
"817","Peyton Siva","73","185","2014","2014","1990-10-24","182"
"818","Chris Smith","74","200","2014","2014","1987-10-13","182"
"819","James Southerland","80","215","2014","2014","1990-04-28","34"
"820","D.J. Stephens","77","188","2014","2014","1990-12-19","23"
"821","Tyshawn Taylor","75","185","2013","2014","1990-04-12","174"
"822","Marquis Teague","74","189","2013","2014","1993-02-28","79"
"823","Hasheem Thabeet","87","263","2010","2014","1987-02-16","42"
"824","Adonis Thomas","79","200","2014","2014","1993-03-25","23"
"825","Jamaal Tinsley","75","195","2002","2014","1978-02-28","36"
"826","Jeremy Tyler","82","260","2012","2014","1991-06-21","58"
"827","Jarvis Varnado","81","230","2013","2014","1988-03-01","91"
"828","Jan Vesely","83","240","2012","2014","1990-04-24","58"
"829","Casper Ware","70","175","2014","2014","1990-01-17","161"
"830","Earl Watson","73","195","2002","2014","1979-06-12","105"
"831","Maalik Wayns","74","200","2013","2014","1991-05-02","127"
"832","D.J. White","81","251","2009","2014","1986-08-31","30"
"833","Royce White","80","270","2014","2014","1991-04-10","36"
"834","Chris Wright","80","226","2012","2014","1988-09-30","93"
"835","Josh Akognon","71","185","2013","2013","1986-02-10","5"
"836","Rodrigue Beaubois","73","170","2010","2013","1988-02-24","58"
"837","Kwame Brown","83","270","2002","2013","1982-03-10","58"
"838","Marcus Camby","83","220","1997","2013","1974-03-22","165"
"839","Matt Carroll","78","212","2004","2013","1980-08-28","24"
"840","Will Conroy","74","195","2007","2013","1982-12-08","126"
"841","Daequan Cook","77","205","2008","2013","1987-04-28","102"
"842","Eddy Curry","85","295","2002","2013","1982-12-05","58"
"843","Marquis Daniels","78","200","2004","2013","1981-01-07","63"
"844","Carlos Delfino","78","230","2005","2013","1982-08-29","58"
"845","Justin Dentmon","71","185","2012","2013","1985-09-05","126"
"846","DeSagana Diop","85","300","2002","2013","1982-01-30","58"
"847","Keyon Dooling","75","196","2001","2013","1980-05-08","156"
"848","Chris Duhon","73","185","2005","2013","1982-08-31","29"
"849","Devin Ebanks","81","215","2011","2013","1989-10-28","75"
"850","Kim English","78","200","2013","2013","1988-09-24","156"
"851","Mickael Gelabale","79","215","2007","2013","1983-05-22","58"
"852","Daniel Gibson","74","190","2007","2013","1986-02-27","185"
"853","Hamed Haddadi","86","254","2009","2013","1985-05-19","58"
"854","Richard Hamilton","78","185","2000","2013","1978-02-14","42"
"855","Ben Hansbrough","75","203","2013","2013","1987-12-23","24"
"856","Terrel Harris","77","190","2012","2013","1987-08-10","89"
"857","Lazar Hayward","78","225","2011","2013","1986-11-26","101"
"858","Cory Higgins","77","180","2012","2013","1989-06-14","146"
"859","Grant Hill","80","225","1995","2013","1972-10-05","29"
"860","Tyler Honeycutt","80","188","2012","2013","1990-07-15","105"
"861","Josh Howard","79","210","2004","2013","1980-04-28","95"
"862","Juwan Howard","81","240","1995","2013","1973-02-07","125"
"863","Jared Jeffries","83","230","2003","2013","1981-11-25","30"
"864","Charles Jenkins","75","220","2012","2013","1989-02-28","27"
"865","Ivan Johnson","80","230","2012","2013","1984-04-10","21"
"866","DeQuan Jones","80","221","2013","2013","1990-06-20","26"
"867","Dominique Jones","76","215","2011","2013","1988-10-15","68"
"868","Kevin Jones","80","251","2013","2013","1989-08-25","75"
"869","Kris Joseph","79","210","2013","2013","1988-12-17","34"
"870","Jason Kidd","76","205","1995","2013","1973-03-23","100"
"871","Linas Kleiza","80","245","2006","2013","1985-01-03","156"
"872","Scott Machado","73","205","2013","2013","1990-06-08","38"
"873","Corey Maggette","78","218","2000","2013","1979-11-12","29"
"874","Dominic McGuire","81","220","2008","2013","1985-10-20","13"
"875","Fab Melo","85","255","2013","2013","1990-06-20","34"
"876","Darko Milicic","85","250","2004","2013","1985-06-20","58"
"877","Kevin Murphy","77","185","2013","2013","1990-03-06","2"
"878","Troy Murphy","83","245","2002","2013","1980-05-02","24"
"879","Lamar Odom","82","220","2000","2013","1979-11-06","97"
"880","Tim Ohlbrecht","83","255","2013","2013","1988-08-30","58"
"881","Emeka Okafor","82","252","2005","2013","1982-09-28","42"
"882","Jeremy Pargo","74","219","2012","2013","1986-03-17","154"
"883","Sasha Pavlovic","80","220","2004","2013","1983-11-15","58"
"884","Johan Petro","85","247","2006","2013","1986-01-27","58"
"885","Mickael Pietrus","78","215","2004","2013","1982-02-07","58"
"886","Joel Przybilla","85","255","2001","2013","1979-10-10","7"
"887","Chris Quinn","74","185","2007","2013","1983-09-27","24"
"888","Vladimir Radmanovic","82","227","2002","2013","1980-11-19","58"
"889","Quentin Richardson","78","223","2001","2013","1980-04-13","113"
"890","Brandon Roy","78","215","2007","2013","1984-07-23","126"
"891","Samardo Samuels","81","260","2011","2013","1989-01-09","182"
"892","Josh Selby","74","183","2012","2013","1991-03-27","174"
"893","Nolan Smith","74","185","2012","2013","1988-07-25","29"
"894","Jerry Stackhouse","78","218","1996","2013","1974-11-05","43"
"895","DeShawn Stevenson","77","210","2001","2013","1981-04-03","58"
"896","DaJuan Summers","80","230","2010","2013","1988-01-24","66"
"897","Kurt Thomas","81","230","1996","2013","1972-10-04","40"
"898","Rasheed Wallace","82","225","1996","2013","1974-09-17","43"
"899","Luke Walton","80","235","2004","2013","1980-03-28","173"
"900","Hakim Warrick","81","219","2006","2013","1982-07-08","34"
"901","James White","79","200","2007","2013","1982-10-21","131"
"902","Chris Wilcox","82","221","2003","2013","1982-09-03","77"
"903","Terrence Williams","78","220","2010","2013","1987-06-28","182"
"904","Sam Young","78","220","2010","2013","1985-06-01","147"
"905","Luke Zeller","83","245","2013","2013","1987-04-07","24"
"906","Blake Ahearn","74","190","2008","2012","1984-05-27","133"
"907","Solomon Alabi","85","251","2011","2012","1988-03-21","178"
"908","Morris Almond","78","225","2008","2012","1985-02-02","179"
"909","Gilbert Arenas","75","191","2002","2012","1982-01-06","173"
"910","Kelenna Azubuike","77","220","2007","2012","1983-12-16","79"
"911","Renaldo Balkman","80","208","2007","2012","1984-07-14","25"
"912","Tony Battie","83","230","1998","2012","1976-02-11","12"
"913","Raja Bell","77","204","2001","2012","1976-09-19","55"
"914","Keith Benson","83","240","2012","2012","1988-08-13","144"
"915","Mike Bibby","73","190","1999","2012","1978-05-13","173"
"916","Earl Boykins","65","135","1999","2012","1976-06-02","53"
"917","Craig Brackins","82","230","2011","2012","1987-10-09","36"
"918","Jon Brockman","79","255","2010","2012","1987-03-20","126"
"919","Derrick Brown","79","225","2010","2012","1987-09-08","119"
"920","Derrick Byars","79","220","2012","2012","1984-04-25","122"
"921","Brian Cardinal","80","245","2001","2012","1977-05-02","87"
"922","Anthony Carter","73","190","2000","2012","1975-06-16","49"
"923","Brian Cook","81","234","2004","2012","1980-12-04","99"
"924","Erick Dampier","83","265","1997","2012","1975-07-14","91"
"925","Baron Davis","75","209","2000","2012","1979-04-13","105"
"926","Josh Davis","80","235","2004","2012","1980-08-10","129"
"927","Eric Dawson","81","250","2012","2012","1984-07-07","108"
"928","Ike Diogu","80","250","2006","2012","1983-09-11","155"
"929","Jerome Dyson","75","180","2012","2012","1987-05-01","42"
"930","Francisco Elson","85","235","2004","2012","1976-02-28","100"
"931","Andre Emmett","77","230","2005","2012","1982-08-27","12"
"932","Semih Erden","85","240","2011","2012","1986-07-28","58"
"933","Maurice Evans","77","220","2002","2012","1978-11-08","185"
"934","Christian Eyenga","77","210","2011","2012","1989-06-22","58"
"935","Rudy Fernandez","78","185","2009","2012","1985-04-04","58"
"936","Kyrylo Fesenko","85","288","2008","2012","1986-12-24","58"
"937","Jonny Flynn","73","185","2010","2012","1989-02-06","34"
"938","Jeff Foote","85","265","2012","2012","1987-07-14","94"
"939","Gary Forbes","79","220","2011","2012","1985-02-25","165"
"940","T.J. Ford","73","165","2004","2012","1983-03-24","185"
"941","Courtney Fortson","71","185","2012","2012","1988-05-23","168"
"942","Jeff Foster","83","236","2000","2012","1977-01-16","107"
"943","Dan Gadzuric","83","240","2003","2012","1978-02-02","105"
"944","Sundiata Gaines","73","185","2010","2012","1986-04-18","171"
"945","Mickell Gladness","83","220","2012","2012","1986-07-26","157"
"946","Donte Greene","83","226","2009","2012","1988-02-21","34"
"947","Luke Harangody","80","246","2011","2012","1988-01-02","24"
"948","Darington Hobson","79","210","2012","2012","1987-09-29","16"
"949","Dennis Horner","81","230","2012","2012","1988-02-05","59"
"950","Larry Hughes","77","184","1999","2012","1979-01-23","110"
"951","Yi Jianlian","85","240","2008","2012","1987-10-27","58"
"952","Armon Johnson","75","195","2011","2012","1989-02-23","84"
"953","Carldell Johnson","70","180","2012","2012","1983-01-28","37"
"954","JaJuan Johnson","82","221","2012","2012","1989-02-08","87"
"955","Trey Johnson","77","218","2009","2012","1984-08-30","90"
"956","Jason Kapono","80","213","2004","2012","1981-02-04","105"
"957","D.J. Kennedy","78","215","2012","2012","1989-11-05","45"
"958","Travis Leslie","76","205","2012","2012","1990-03-29","171"
"959","Vernon Macklin","82","227","2012","2012","1986-09-20","138"
"960","Jamaal Magloire","83","259","2001","2012","1978-05-21","79"
"961","Tracy McGrady","80","210","1998","2012","1979-05-24","58"
"962","Brad Miller","83","244","1999","2012","1976-04-12","87"
"963","Jamario Moon","80","205","2008","2012","1980-06-13","106"
"964","Mikki Moore","83","225","1999","2012","1975-11-04","118"
"965","Eduardo Najera","80","240","2001","2012","1976-07-11","85"
"966","Andres Nocioni","79","225","2005","2012","1979-11-30","58"
"967","Mehmet Okur","83","249","2003","2012","1979-05-26","58"
"968","Larry Owens","79","210","2011","2012","1983-01-08","39"
"969","Anthony Parker","78","215","1998","2012","1975-06-19","183"
"970","Michael Redd","78","220","2001","2012","1979-08-24","102"
"971","Ryan Reid","80","232","2012","2012","1986-10-30","178"
"972","Walker Russell","73","170","2012","2012","1982-10-06","65"
"973","Brian Scalabrine","81","241","2002","2012","1978-03-18","4"
"974","Xavier Silas","77","205","2012","2012","1988-01-22","104"
"975","Bobby Simmons","79","210","2002","2012","1980-06-02","113"
"976","James Singleton","80","216","2006","2012","1981-07-20","51"
"977","Brian Skinner","81","255","1999","2012","1976-05-19","124"
"978","Craig Smith","79","250","2007","2012","1983-11-10","128"
"979","Jerry Smith","74","190","2012","2012","1987-09-26","182"
"980","Trey Thompkins","82","245","2012","2012","1990-05-20","171"
"981","Mychel Thompson","78","211","2012","2012","1988-06-01","88"
"982","Edwin Ubiles","78","204","2012","2012","1986-11-26","112"
"983","Ben Uzoh","75","205","2011","2012","1988-03-19","158"
"984","Von Wafer","77","210","2006","2012","1985-07-21","178"
"985","Ben Wallace","81","240","1997","2012","1974-09-10","172"
"986","Darryl Watkins","83","258","2008","2012","1984-11-08","34"
"987","Delonte West","76","180","2005","2012","1983-07-26","175"
"988","Jordan Williams","82","260","2012","2012","1990-10-11","77"
"989","Sean Williams","82","235","2008","2012","1986-09-13","128"
"990","Shelden Williams","81","250","2007","2012","1983-10-21","29"
"991","Maurice Ager","77","202","2007","2011","1984-02-09","139"
"992","Malik Allen","82","255","2002","2011","1978-06-27","127"
"993","David Andersen","83","245","2010","2011","1980-06-23","58"
"994","Carlos Arroyo","74","202","2002","2011","1979-07-30","55"
"995","Marcus Banks","74","200","2004","2011","1981-11-19","149"
"996","Charlie Bell","75","200","2002","2011","1979-03-12","139"
"997","Derrick Caracter","81","275","2011","2011","1988-05-04","160"
"998","Rodney Carney","79","205","2007","2011","1984-04-15","23"
"999","Jarron Collins","83","255","2002","2011","1978-12-02","177"
"1000","Sherron Collins","71","205","2011","2011","1987-03-18","174"
"1001","Marcus Cousin","83","245","2011","2011","1986-12-18","67"
"1002","Antonio Daniels","76","195","1998","2011","1975-03-19","8"
"1003","Zabian Dowdell","75","191","2011","2011","1984-09-10","134"
"1004","Ronald Dupree","79","209","2004","2011","1981-01-26","11"
"1005","Patrick Ewing","80","235","2011","2011","1984-05-20","66"
"1006","Joey Graham","79","225","2006","2011","1982-06-11","89"
"1007","Stephen Graham","78","215","2006","2011","1982-06-11","89"
"1008","Orien Greene","76","208","2006","2011","1982-02-04","72"
"1009","Luther Head","75","185","2006","2011","1982-11-26","99"
"1010","Eddie House","73","180","2001","2011","1978-05-14","155"
"1011","Zydrunas Ilgauskas","87","238","1998","2011","1975-06-05","58"
"1012","Didier Ilunga-Mbenga","85","245","2005","2011","1980-12-30","58"
"1013","Darnell Jackson","81","253","2009","2011","1985-11-07","174"
"1014","Eugene Jeter","71","175","2011","2011","1983-12-02","20"
"1015","Nenad Krstic","85","240","2005","2011","1983-07-25","58"
"1016","Acie Law","75","195","2008","2011","1985-01-25","170"
"1017","Gani Lawal","81","234","2011","2011","1988-11-07","115"
"1018","Sean Marks","82","250","1999","2011","1975-08-23","100"
"1019","Antonio McDyess","81","220","1996","2011","1974-09-07","78"
"1020","Pops Mensah-Bonsu","81","240","2007","2011","1983-09-07","167"
"1021","Yao Ming","90","310","2003","2011","1980-09-12","58"
"1022","Shaquille ONeal","85","325","1993","2011","1972-03-06","11"
"1023","Fabricio Oberto","82","245","2006","2011","1975-03-21","58"
"1024","Morris Peterson","79","218","2001","2011","1977-08-26","139"
"1025","James Posey","80","215","2000","2011","1977-01-13","119"
"1026","Leon Powe","80","240","2007","2011","1984-01-22","100"
"1027","Theo Ratliff","82","225","1996","2011","1973-04-17","129"
"1028","Andy Rautins","76","190","2011","2011","1986-11-02","34"
"1029","Quinton Ross","78","195","2005","2011","1981-04-30","22"
"1030","Garret Siler","83","305","2011","2011","1986-10-25","17"
"1031","Joe Smith","82","225","1996","2011","1975-07-26","77"
"1032","Darius Songaila","81","248","2004","2011","1978-02-14","95"
"1033","Peja Stojakovic","81","220","1999","2011","1977-06-09","58"
"1034","Pape Sy","79","225","2011","2011","1988-04-05","58"
"1035","Jermaine Taylor","76","210","2010","2011","1986-12-08","69"
"1036","Etan Thomas","81","256","2002","2011","1978-04-01","34"
"1037","Al Thornton","80","220","2008","2011","1983-12-07","178"
"1038","Ime Udoka","78","215","2004","2011","1977-08-09","14"
"1039","Willie Warren","76","203","2011","2011","1989-10-22","85"
"1040","Kyle Weaver","78","201","2009","2011","1986-02-18","169"
"1041","Mario West","77","210","2008","2011","1984-06-19","115"
"1042","Jason Williams","73","190","1999","2011","1975-11-18","138"
"1043","Jawad Williams","81","218","2009","2011","1983-02-19","43"
"1044","Antoine Wright","79","210","2006","2011","1984-02-06","170"
"1045","Julian Wright","80","225","2008","2011","1987-05-20","174"
