"name","height","weight","year_start","year_end","dob","college","position"
"Alex Abrines","78","190","2017","2018","1993-08-01","","G-F"
"Quincy Acy","79","240","2013","2018","1990-10-06","Baylor University","F"
"Steven Adams","85","255","2014","2018","1993-07-20","University of Pittsburgh","C"
"Bam Adebayo","82","243","2018","2018","1997-07-18","University of Kentucky","C-F"
"Arron Afflalo","77","210","2008","2018","1985-10-15","University of California, Los Angeles","G"
"Cole Aldrich","83","250","2011","2018","1988-10-31","University of Kansas","C"
"LaMarcus Aldridge","83","260","2007","2018","1985-07-19","University of Texas at Austin","F-C"
"Jarrett Allen","82","234","2018","2018","1998-04-21","University of Texas at Austin","F-C"
"Kadeem Allen","75","192","2018","2018","1993-01-15","University of Arizona","G"
"Tony Allen","76","213","2005","2018","1982-01-11","Oklahoma State University","G-F"
"Al-Farouq Aminu","81","220","2011","2018","1990-09-21","Wake Forest University","F"
"Justin Anderson","78","228","2016","2018","1993-11-19","University of Virginia","G"
"Kyle Anderson","81","230","2015","2018","1993-09-20","University of California, Los Angeles","F-G"
"Ryan Anderson","82","240","2009","2018","1988-05-06","University of California","F"
"Ike Anigbogu","82","252","2018","2018","1998-10-22","University of California, Los Angeles","F-C"
"Giannis Antetokounmpo","83","222","2014","2018","1994-12-06","","F-G"
"Carmelo Anthony","80","240","2004","2018","1984-05-29","Syracuse University","F"
"OG Anunoby","80","232","2018","2018","1997-07-17","Indiana University","F"
"Ryan Arcidiacono","75","188","2018","2018","1994-03-26","Villanova University","G"
"Trevor Ariza","80","215","2005","2018","1985-06-30","University of California, Los Angeles","F"
"Darrell Arthur","81","235","2009","2018","1988-03-25","University of Kansas","F"
"Jamel Artis","79","213","2018","2018","1993-01-12","University of Pittsburgh","G-F"
"Omer Asik","85","255","2011","2018","1986-07-04","","C"
"D.J. Augustin","73","183","2009","2018","1987-11-10","University of Texas at Austin","G"
"Luke Babbitt","81","225","2011","2018","1989-06-20","University of Nevada, Reno","F"
"Dwayne Bacon","78","222","2018","2018","1995-08-30","Florida State University","G"
"Ron Baker","76","220","2017","2018","1993-03-30","Wichita State University","G"
"Lonzo Ball","78","190","2018","2018","1997-10-27","University of California, Los Angeles","G"
"J.J. Barea","73","185","2007","2018","1984-06-26","Northeastern University","G"
"Harrison Barnes","80","210","2013","2018","1992-05-30","University of North Carolina","F"
"Will Barton","78","175","2013","2018","1991-01-06","University of Memphis","G"
"Nicolas Batum","80","200","2009","2018","1988-12-14","","F-G"
"Jerryd Bayless","75","200","2009","2018","1988-08-20","University of Arizona","G"
"Aron Baynes","82","260","2013","2018","1986-12-09","Washington State University","C"
"Kent Bazemore","77","201","2013","2018","1989-07-01","Old Dominion University","G-F"
"Bradley Beal","77","207","2013","2018","1993-06-28","University of Florida","G"
"Malik Beasley","77","196","2017","2018","1996-11-26","Florida State University","G"
"Michael Beasley","81","235","2009","2018","1989-01-09","Kansas State University","F"
"Marco Belinelli","77","210","2008","2018","1986-03-25","","G-F"
"Jordan Bell","81","224","2018","2018","1995-01-07","University of Oregon","F"
"DeAndre Bembry","78","210","2017","2018","1994-07-04","Saint Josephs University","F"
"Dragan Bender","85","225","2017","2018","1997-11-17","","F"
"Davis Bertans","82","210","2017","2018","1992-11-12","","F"
"Patrick Beverley","73","185","2013","2018","1988-07-12","University of Arkansas","G"
"Khem Birch","81","220","2018","2018","1992-09-28","University of Nevada, Las Vegas","C-F"
"Jabari Bird","78","197","2018","2018","1994-07-03","University of California","G"
"Bismack Biyombo","81","255","2012","2018","1992-08-28","","C-F"
"Nemanja Bjelica","82","240","2016","2018","1988-05-09","","F"
"Tarik Black","81","250","2015","2018","1991-11-22","University of Kansas","C-F"
"Antonio Blakeney","76","197","2018","2018","1996-10-04","Louisiana State University","G"
"Eric Bledsoe","73","205","2011","2018","1989-12-09","University of Kentucky","G"
"Vander Blue","76","200","2014","2018","1992-07-17","Marquette University","G"
"Bogdan Bogdanovic","78","205","2018","2018","1992-08-18","","G"
"Bojan Bogdanovic","80","216","2015","2018","1989-04-18","","G-F"
"Andrew Bogut","85","260","2006","2018","1984-11-28","University of Utah","C"
"Joel Bolomboy","81","235","2017","2018","1994-01-28","Weber State University","F"
"Devin Booker","78","206","2016","2018","1996-10-30","University of Kentucky","G"
"Trevor Booker","80","228","2011","2018","1987-11-25","Clemson University","F"
"Avery Bradley","74","180","2011","2018","1990-11-26","University of Texas at Austin","G"
"Tony Bradley","83","240","2018","2018","1998-01-08","University of North Carolina","F-C"
"Corey Brewer","81","186","2008","2018","1986-03-05","University of Florida","F-G"
"Malcolm Brogdon","77","215","2017","2018","1992-12-11","University of Virginia","G"
"Aaron Brooks","73","161","2008","2018","1985-01-14","University of Oregon","G"
"Dillon Brooks","78","220","2018","2018","1996-01-22","University of Oregon","G-F"
"Bobby Brown","74","175","2009","2018","1984-09-24","California State University, Fullerton","G"
"Jaylen Brown","79","225","2017","2018","1996-10-24","University of California","F-G"
"Lorenzo Brown","77","189","2014","2018","1990-08-26","North Carolina State University","G"
"Sterling Brown","77","225","2018","2018","1995-02-10","Southern Methodist University","G"
"Nicolas Brussino","79","195","2017","2018","1993-03-02","","G-F"
"Thomas Bryant","82","248","2018","2018","1997-07-31","Indiana University","C"
"Reggie Bullock","79","205","2014","2018","1991-03-16","University of North Carolina","G-F"
"Alec Burks","78","214","2012","2018","1991-07-20","University of Colorado","G"
"Jimmy Butler","80","236","2012","2018","1989-09-14","Marquette University","F-G"
"Bruno Caboclo","81","218","2015","2018","1995-09-21","","F"
"Jose Calderon","75","200","2006","2018","1981-09-28","","G"
"Kentavious Caldwell-Pope","77","205","2014","2018","1993-02-18","University of Georgia","G"
"Isaiah Canaan","73","201","2014","2018","1991-05-21","Murray State University","G"
"Clint Capela","82","240","2015","2018","1994-05-18","","C"
"DeMarre Carroll","80","215","2010","2018","1986-07-27","University of Missouri","F"
"Vince Carter","78","220","1999","2018","1977-01-26","University of North Carolina","G-F"
"Michael Carter-Williams","78","190","2014","2018","1991-10-10","Syracuse University","G"
"Alex Caruso","77","186","2018","2018","1994-02-28","Texas A&M University","G"
"Omri Casspi","81","225","2010","2018","1988-06-22","","F"
"Willie Cauley-Stein","85","240","2016","2018","1993-08-18","University of Kentucky","F-C"
"Tyler Cavanaugh","81","239","2018","2018","1994-02-09","George Washington University","F"
"Mario Chalmers","74","190","2009","2018","1986-05-19","University of Kansas","G"
"Tyson Chandler","85","240","2002","2018","1982-10-02","","C"
"Wilson Chandler","80","225","2008","2018","1987-05-10","DePaul University","F"
"Marquese Chriss","82","233","2017","2018","1997-07-02","University of Washington","F"
"Ian Clark","75","175","2014","2018","1991-03-07","Belmont University","G"
"Jordan Clarkson","77","194","2015","2018","1992-06-07","University of Missouri","G"
"Gian Clavell","76","185","2018","2018","1993-11-26","Colorado State University","G"
"Antonius Cleveland","78","195","2018","2018","1994-02-02","Southeast Missouri State University","G"
"John Collins","82","235","2018","2018","1997-09-23","Wake Forest University","F"
"Zach Collins","85","232","2018","2018","1997-11-19","Gonzaga University","C-F"
"Kyle Collinsworth","78","210","2018","2018","1991-10-03","Brigham Young University","G-F"
"Darren Collison","73","175","2010","2018","1987-08-23","University of California, Los Angeles","G"
"Nick Collison","82","255","2005","2018","1980-10-26","University of Kansas","F"
"Mike Conley","73","175","2008","2018","1987-10-11","Ohio State University","G"
"Pat Connaughton","77","206","2016","2018","1993-01-06","University of Notre Dame","G"
"Quinn Cook","74","184","2017","2018","1993-03-23","Duke University","G"
"Charles Cooke","77","196","2018","2018","1994-07-01","University of Dayton","G"
"Jack Cooley","81","260","2015","2018","1991-04-04","University of Notre Dame","F-C"
"Matt Costello","81","245","2018","2018","1993-08-05","Michigan State University","F"
"DeMarcus Cousins","83","270","2011","2018","1990-08-13","University of Kentucky","C-F"
"Robert Covington","81","215","2014","2018","1990-12-14","Tennessee State University","F"
"Allen Crabbe","78","210","2014","2018","1992-04-09","University of California","G-F"
"Torrey Craig","78","215","2018","2018","1990-12-19","University of South Carolina Upstate","G-F"
"Jamal Crawford","77","200","2001","2018","1980-03-20","University of Michigan","G"
"Jordan Crawford","76","195","2011","2018","1988-10-23","Xavier University","G"
"Jae Crowder","78","235","2013","2018","1990-07-06","Marquette University","F"
"Dante Cunningham","80","230","2010","2018","1987-04-22","Villanova University","F"
"Stephen Curry","75","190","2010","2018","1988-03-14","Davidson College","G"
"Troy Daniels","76","205","2014","2018","1991-07-15","Virginia Commonwealth University","G"
"Anthony Davis","82","253","2013","2018","1993-03-11","University of Kentucky","F-C"
"Deyonta Davis","83","237","2017","2018","1996-12-02","Michigan State University","F-C"
"Ed Davis","82","240","2011","2018","1989-06-05","University of North Carolina","F"
"Dewayne Dedmon","85","245","2014","2018","1989-08-12","University of Southern California","C"
"Sam Dekker","81","230","2016","2018","1994-05-06","University of Wisconsin","F"
"Malcolm Delaney","75","190","2017","2018","1989-03-11","Virginia Polytechnic Institute and State University","G"
"Matthew Dellavedova","76","198","2014","2018","1990-09-08","Saint Marys College of California","G"
"Luol Deng","81","220","2005","2018","1985-04-16","Duke University","F"
"DeMar DeRozan","79","221","2010","2018","1989-08-07","University of Southern California","G-F"
"Cheick Diallo","81","220","2017","2018","1996-09-13","University of Kansas","F"
"Gorgui Dieng","83","241","2014","2018","1990-01-18","University of Louisville","C"
"Spencer Dinwiddie","78","200","2015","2018","1993-04-06","University of Colorado","G"
"Tyler Dorsey","77","183","2018","2018","1996-02-14","University of Oregon","G"
"Damyean Dotson","78","205","2018","2018","1994-05-06","University of Houston","G"
"Goran Dragic","75","190","2009","2018","1986-05-06","","G"
"Andre Drummond","83","279","2013","2018","1993-08-10","University of Connecticut","C"
"Jared Dudley","79","225","2008","2018","1985-07-10","Boston College","F-G"
"Kris Dunn","76","210","2017","2018","1994-03-18","Providence College","G"
"Kevin Durant","81","240","2008","2018","1988-09-29","University of Texas at Austin","F-G"
"Henry Ellenson","83","245","2017","2018","1997-01-13","Marquette University","F"
"Wayne Ellington","76","200","2010","2018","1987-10-29","University of North Carolina","G"
"Joel Embiid","85","250","2017","2018","1994-03-16","University of Kansas","C-F"
"James Ennis","79","210","2015","2018","1990-07-01","California State University, Long Beach","F"
"Tyler Ennis","75","194","2015","2018","1994-08-24","Syracuse University","G"
"Jawun Evans","73","185","2018","2018","1996-07-26","Oklahoma State University","G"
"Tyreke Evans","78","220","2010","2018","1989-09-19","University of Memphis","G-F"
"Kenneth Faried","80","228","2012","2018","1989-11-19","Morehead State University","F"
"Derrick Favors","82","265","2011","2018","1991-07-15","Georgia Institute of Technology","F-C"
"Kay Felder","69","176","2017","2018","1995-03-29","Oakland University","G"
"Cristiano Felicio","82","275","2016","2018","1992-07-07","","F-C"
"Raymond Felton","73","205","2006","2018","1984-06-26","University of North Carolina","G"
"Terrance Ferguson","79","184","2018","2018","1998-05-17","","G-F"
"Yogi Ferrell","73","180","2017","2018","1993-05-09","Indiana University","G"
"Dorian Finney-Smith","80","220","2017","2018","1993-05-04","University of Florida","F"
"Bryn Forbes","75","190","2017","2018","1993-07-23","Michigan State University","G"
"Evan Fournier","79","205","2013","2018","1992-10-29","","G-F"
"DeAaron Fox","75","170","2018","2018","1997-12-20","University of Kentucky","G"
"Tim Frazier","73","170","2015","2018","1990-11-01","Pennsylvania State University","G"
"Channing Frye","83","255","2006","2018","1983-05-17","University of Arizona","C-F"
"Markelle Fultz","76","195","2018","2018","1998-05-29","University of Washington","G"
"Danilo Gallinari","82","225","2009","2018","1988-08-08","","F"
"Langston Galloway","74","200","2015","2018","1991-12-09","Saint Josephs University","G"
"Marc Gasol","85","255","2009","2018","1985-01-29","","C"
"Pau Gasol","85","250","2002","2018","1980-07-06","","F-C"
"Rudy Gay","80","230","2007","2018","1986-08-17","University of Connecticut","F"
"Paul George","81","220","2011","2018","1990-05-02","California State University, Fresno","F"
"Marcus Georges-Hunt","77","216","2017","2018","1994-03-28","Georgia Institute of Technology","G"
"Taj Gibson","81","225","2010","2018","1985-06-24","University of Southern California","F"
"Manu Ginobili","78","205","2003","2018","1977-07-28","","G"
"Rudy Gobert","85","245","2014","2018","1992-06-26","","C"
"Aaron Gordon","81","220","2015","2018","1995-09-16","University of Arizona","F"
"Eric Gordon","76","215","2009","2018","1988-12-25","Indiana University","G"
"Marcin Gortat","83","240","2008","2018","1984-02-17","","C-F"
"Treveon Graham","78","220","2017","2018","1993-10-29","Virginia Commonwealth University","G"
"Jerami Grant","80","210","2015","2018","1994-03-12","Syracuse University","F"
"Jerian Grant","76","195","2016","2018","1992-10-09","University of Notre Dame","G"
"Danny Green","78","215","2010","2018","1987-06-22","University of North Carolina","G-F"
"Draymond Green","79","230","2013","2018","1990-03-04","Michigan State University","F"
"JaMychal Green","81","227","2015","2018","1990-06-21","University of Alabama","F"
"Jeff Green","81","235","2008","2018","1986-08-28","Georgetown University","F"
"Blake Griffin","82","251","2011","2018","1989-03-16","University of Oklahoma","F"
"Daniel Hamilton","79","195","2018","2018","1995-08-08","University of Connecticut","G-F"
"Tim Hardaway","78","205","2014","2018","1992-03-16","University of Michigan","G"
"James Harden","77","220","2010","2018","1989-08-26","Arizona State University","G"
"Maurice Harkless","81","215","2013","2018","1993-05-11","St. Johns University","F-G"
"Montrezl Harrell","80","240","2016","2018","1994-01-26","University of Louisville","F-C"
"Devin Harris","75","192","2005","2018","1983-02-27","University of Wisconsin","G"
"Gary Harris","76","210","2015","2018","1994-09-14","Michigan State University","G"
"Joe Harris","78","219","2015","2018","1991-09-06","University of Virginia","G"
"Tobias Harris","81","235","2012","2018","1992-07-15","University of Tennessee","F"
"Andrew Harrison","78","213","2017","2018","1994-10-28","University of Kentucky","G"
"Josh Hart","77","209","2018","2018","1995-03-06","Villanova University","G"
"Udonis Haslem","80","235","2004","2018","1980-06-09","University of Florida","F-C"
"Gordon Hayward","80","226","2011","2018","1990-03-23","Butler University","F-G"
"John Henson","83","229","2013","2018","1990-12-28","University of North Carolina","C-F"
"Juan Hernangomez","81","230","2017","2018","1995-09-28","","F"
"Willy Hernangomez","83","240","2017","2018","1994-05-27","","C"
"Mario Hezonja","80","215","2016","2018","1995-02-25","","F-G"
"Buddy Hield","76","214","2017","2018","1993-12-17","University of Oklahoma","G"
"Nene Hilario","83","250","2003","2018","1982-09-13","","F-C"
"George Hill","75","188","2009","2018","1986-05-04","Indiana University-Purdue University Indianapolis","G"
"Darrun Hilliard","78","205","2016","2018","1993-04-13","Villanova University","G"
"Jrue Holiday","76","205","2010","2018","1990-06-12","University of California, Los Angeles","G"
"Justin Holiday","78","185","2013","2018","1989-04-05","University of Washington","G"
"John Holland","77","205","2018","2018","1988-11-06","Boston University","G-F"
"Rondae Hollis-Jefferson","79","220","2016","2018","1995-01-03","University of Arizona","F"
"Richaun Holmes","82","245","2016","2018","1993-10-15","Bowling Green State University","F-C"
"Rodney Hood","80","206","2015","2018","1992-10-20","Duke University","G-F"
"Al Horford","82","245","2008","2018","1986-06-03","University of Florida","C-F"
"Danuel House","79","207","2017","2018","1993-06-07","Texas A&M University","G"
"Dwight Howard","83","265","2005","2018","1985-12-08","","C"
"Josh Huestis","79","230","2016","2018","1991-12-19","Stanford University","F"
"Vince Hunter","80","208","2018","2018","1994-08-05","University of Texas at El Paso","F"
"Serge Ibaka","82","235","2010","2018","1989-09-18","","F-C"
"Andre Iguodala","78","215","2005","2018","1984-01-28","University of Arizona","G-F"
"Ersan Ilyasova","82","235","2007","2018","1987-05-15","","F"
"Joe Ingles","80","226","2015","2018","1987-10-02","","F-G"
"Brandon Ingram","81","190","2017","2018","1997-09-02","Duke University","F"
"Kyrie Irving","75","193","2012","2018","1992-03-23","Duke University","G"
"Jonathan Isaac","82","210","2018","2018","1997-10-03","Florida State University","F"
"Wesley Iwundu","79","193","2018","2018","1994-12-20","Kansas State University","F"
"Jarrett Jack","75","200","2006","2018","1983-10-28","Georgia Institute of Technology","G"
"Demetrius Jackson","73","201","2017","2018","1994-09-07","University of Notre Dame","G"
"Josh Jackson","80","207","2018","2018","1997-02-10","University of Kansas","F-G"
"Justin Jackson","80","200","2018","2018","1995-03-28","University of North Carolina","G-F"
"Reggie Jackson","75","208","2012","2018","1990-04-16","Boston College","G"
"LeBron James","80","250","2004","2018","1984-12-30","","F-G"
"Mike James","73","189","2018","2018","1990-08-18","Lamar University","G"
"Al Jefferson","82","289","2005","2018","1985-01-04","","C-F"
"Richard Jefferson","79","233","2002","2018","1980-06-21","University of Arizona","F"
"Jonas Jerebko","82","231","2010","2018","1987-03-02","","F"
"Amir Johnson","81","240","2006","2018","1987-05-01","","F-C"
"Brice Johnson","82","230","2017","2018","1994-06-27","University of North Carolina","F"
"Dakari Johnson","85","255","2018","2018","1995-09-22","University of Kentucky","C"
"James Johnson","81","250","2010","2018","1987-02-20","Wake Forest University","F"
"Joe Johnson","79","240","2002","2018","1981-06-29","University of Arkansas","G-F"
"Stanley Johnson","79","245","2016","2018","1996-05-29","University of Arizona","F"
"Tyler Johnson","76","186","2015","2018","1992-05-07","California State University, Fresno","G"
"Wesley Johnson","79","215","2011","2018","1987-07-11","Syracuse University","F-G"
"Nikola Jokic","82","250","2016","2018","1995-02-19","","C-F"
"Damian Jones","85","245","2017","2018","1995-06-30","Vanderbilt University","F-C"
"Derrick Jones","79","190","2017","2018","1997-02-15","University of Nevada, Las Vegas","F"
"Jalen Jones","79","223","2018","2018","1993-05-27","Texas A&M University","G"
"Tyus Jones","74","195","2016","2018","1996-05-10","Duke University","G"
"DeAndre Jordan","83","265","2009","2018","1988-07-21","Texas A&M University","C"
"Cory Joseph","75","193","2012","2018","1991-08-20","University of Texas at Austin","G"
"Frank Kaminsky","85","242","2016","2018","1993-04-04","University of Wisconsin","F-C"
"Enes Kanter","83","245","2012","2018","1992-05-20","","C"
"Luke Kennard","78","206","2018","2018","1996-06-24","Duke University","G"
"Michael Kidd-Gilchrist","79","232","2013","2018","1993-09-26","University of Kentucky","F"
"Sean Kilpatrick","76","210","2015","2018","1990-01-06","University of Cincinnati","G"
"Maxi Kleber","82","220","2018","2018","1992-01-29","","F"
"Furkan Korkmaz","79","185","2018","2018","1997-07-24","","G"
"Kyle Korver","79","212","2004","2018","1981-03-17","Creighton University","G-F"
"Kosta Koufos","85","265","2009","2018","1989-02-24","Ohio State University","C"
"Kyle Kuzma","81","220","2018","2018","1995-07-24","University of Utah","F"
"Mindaugas Kuzminskas","81","215","2017","2018","1989-10-19","","F"
"Skal Labissiere","83","225","2017","2018","1996-03-18","University of Kentucky","F"
"Jeremy Lamb","77","185","2013","2018","1992-05-30","University of Connecticut","G-F"
"Shane Larkin","71","175","2014","2018","1992-10-02","University of Miami","G"
"Joffrey Lauvergne","83","220","2015","2018","1991-09-30","","C-F"
"Jake Layman","81","210","2017","2018","1994-03-07","University of Maryland","F"
"T.J. Leaf","82","222","2018","2018","1997-04-30","University of California, Los Angeles","F"
"Courtney Lee","77","200","2009","2018","1985-10-03","Western Kentucky University","G"
"Alex Len","85","260","2014","2018","1993-06-16","University of Maryland","C"
"Kawhi Leonard","79","230","2012","2018","1991-06-29","San Diego State University","F"
"Meyers Leonard","85","245","2013","2018","1992-02-27","University of Illinois at Urbana-Champaign","C-F"
"Jon Leuer","82","228","2012","2018","1989-05-14","University of Wisconsin","F"
"Caris LeVert","79","203","2017","2018","1994-08-25","University of Michigan","G-F"
"DeAndre Liggins","78","209","2012","2018","1988-03-31","University of Kentucky","G"
"Damian Lillard","75","195","2013","2018","1990-07-15","Weber State University","G"
"Jeremy Lin","75","200","2011","2018","1988-08-23","Harvard University","G"
"Shaun Livingston","79","192","2005","2018","1985-09-11","","G"
"Kevon Looney","81","220","2016","2018","1996-02-06","University of California, Los Angeles","F-C"
"Brook Lopez","85","275","2009","2018","1988-04-01","Stanford University","C"
"Robin Lopez","85","255","2009","2018","1988-04-01","Stanford University","C"
"Kevin Love","82","251","2009","2018","1988-09-07","University of California, Los Angeles","F"
"Kyle Lowry","73","205","2007","2018","1986-03-25","Villanova University","G"
"Timothe Luwawu-Cabarrot","78","205","2017","2018","1995-05-09","","F"
"Tyler Lydon","82","215","2018","2018","1996-04-09","Syracuse University","F"
"Trey Lyles","82","234","2016","2018","1995-11-05","University of Kentucky","F"
"Shelvin Mack","75","203","2012","2018","1990-04-22","Butler University","G"
"Josh Magette","73","160","2018","2018","1989-11-28","Alabama - Huntsville","G"
"Ian Mahinmi","83","250","2008","2018","1986-11-05","","C"
"Thon Maker","85","216","2017","2018","1997-02-25","","F-C"
"Boban Marjanovic","87","290","2016","2018","1988-08-15","","C"
"Lauri Markkanen","85","230","2018","2018","1997-05-22","University of Arizona","F"
"Jarell Martin","82","239","2016","2018","1994-05-24","Louisiana State University","F"
"Frank Mason","73","189","2018","2018","1994-04-03","University of Kansas","G"
"Mangok Mathiang","82","230","2018","2018","1992-10-08","University of Louisville","C-F"
"Wesley Matthews","77","220","2010","2018","1986-10-14","Marquette University","G"
"Luc Mbah a Moute","80","230","2009","2018","1986-09-09","University of California, Los Angeles","F"
"James Michael McAdoo","81","230","2015","2018","1993-01-04","University of North Carolina","F"
"Patrick McCaw","79","185","2017","2018","1995-10-25","University of Nevada, Las Vegas","G"
"C.J. McCollum","75","190","2014","2018","1991-09-19","Lehigh University","G"
"T.J. McConnell","74","200","2016","2018","1992-03-25","University of Arizona","G"
"Chris McCullough","83","200","2016","2018","1995-02-05","Syracuse University","F"
"Doug McDermott","80","225","2015","2018","1992-01-03","Creighton University","F"
"JaVale McGee","85","270","2009","2018","1988-01-19","University of Nevada, Reno","C"
"Alfonzo McKinnie","80","215","2018","2018","1992-09-17","University of Wisconsin-Green Bay","F"
"Ben McLemore","77","195","2014","2018","1993-02-11","University of Kansas","G"
"Jodie Meeks","76","210","2010","2018","1987-08-21","University of Kentucky","G"
"Salah Mejri","85","245","2016","2018","1986-06-15","","C"
"Jordan Mickey","80","235","2016","2018","1994-07-09","Louisiana State University","F"
"Khris Middleton","80","234","2013","2018","1991-08-12","Texas A&M University","F-G"
"C.J. Miles","78","225","2006","2018","1987-04-18","","G-F"
"Darius Miller","80","235","2013","2018","1990-03-21","University of Kentucky","F"
"Malcolm Miller","79","210","2018","2018","1993-03-06","College of the Holy Cross","F"
"Patty Mills","73","185","2010","2018","1988-08-11","Saint Marys College of California","G"
"Paul Millsap","80","246","2007","2018","1985-02-10","Louisiana Tech University","F"
"Nikola Mirotic","82","220","2015","2018","1991-02-11","","F"
"Donovan Mitchell","75","211","2018","2018","1996-09-07","University of Louisville","G"
"Malik Monk","75","200","2018","2018","1998-02-04","University of Kentucky","G"
"Greg Monroe","83","265","2011","2018","1990-06-04","Georgetown University","C-F"
"ETwaun Moore","76","191","2012","2018","1989-02-28","Purdue University","G"
"Eric Moreland","82","238","2015","2018","1991-12-24","Oregon State University","F-C"
"Marcus Morris","81","235","2012","2018","1989-09-02","University of Kansas","F"
"Markieff Morris","82","245","2012","2018","1989-09-02","University of Kansas","F"
"Monte Morris","75","175","2018","2018","1995-06-27","Iowa State University","G"
"Johnathan Motley","81","238","2018","2018","1995-05-04","Baylor University","F"
"Timofey Mozgov","85","275","2011","2018","1986-07-16","","C"
"Emmanuel Mudiay","77","200","2016","2018","1996-03-05","","G"
"Shabazz Muhammad","78","223","2014","2018","1992-11-13","University of California, Los Angeles","F-G"
"Dejounte Murray","77","170","2017","2018","1996-09-19","University of Washington","G"
"Jamal Murray","76","207","2017","2018","1997-02-23","University of Kentucky","G"
"Mike Muscala","83","240","2014","2018","1991-07-01","Bucknell University","F-C"
"Abdel Nader","78","230","2018","2018","1993-09-25","Iowa State University","F"
"Larry Nance","81","230","2016","2018","1993-01-01","University of Wyoming","F"
"Shabazz Napier","73","175","2015","2018","1991-07-14","University of Connecticut","G"
"Jameer Nelson","73","190","2005","2018","1982-02-09","Saint Josephs University","G"
"Raul Neto","73","179","2016","2018","1992-05-19","","G"
"Joakim Noah","83","230","2008","2018","1985-02-25","University of Florida","C"
"Nerlens Noel","83","228","2015","2018","1994-04-10","University of Kentucky","C-F"
"Lucas Nogueira","85","241","2015","2018","1992-07-26","","C"
"Dirk Nowitzki","85","245","1999","2018","1978-06-19","","F"
"Frank Ntilikina","77","190","2018","2018","1998-07-28","","G"
"Jusuf Nurkic","85","280","2015","2018","1994-08-23","","C"
"David Nwaba","76","209","2017","2018","1993-01-14","California Polytechnic State University, San Luis Obispo","G"
"Johnny OBryant","81","257","2015","2018","1993-06-01","Louisiana State University","F-C"
"Royce ONeale","78","215","2018","2018","1993-06-05","Baylor University","F"
"Kyle OQuinn","82","250","2013","2018","1990-03-26","Norfolk State University","F-C"
"Semi Ojeleye","79","241","2018","2018","1994-12-05","Southern Methodist University","F"
"Jahlil Okafor","83","275","2016","2018","1995-12-15","Duke University","C-F"
"Victor Oladipo","76","210","2014","2018","1992-05-04","Indiana University","G"
"Kelly Olynyk","85","238","2014","2018","1991-04-19","Gonzaga University","C-F"
"Cedi Osman","80","210","2018","2018","1995-04-08","","F"
"Kelly Oubre","79","205","2016","2018","1995-12-09","University of Kansas","F"
"Zaza Pachulia","83","270","2004","2018","1984-02-10","","C"
"Marcus Paige","73","175","2018","2018","1993-09-11","University of North Carolina","G"
"Georgios Papagiannis","85","240","2017","2018","1997-07-03","","C"
"Tony Parker","74","185","2002","2018","1982-05-17","","G"
"Chandler Parsons","82","230","2012","2018","1988-10-25","University of Florida","F"
"Patrick Patterson","81","230","2011","2018","1989-03-14","University of Kentucky","F"
"Brandon Paul","76","200","2018","2018","1991-04-30","University of Illinois at Urbana-Champaign","G"
"Chris Paul","73","175","2006","2018","1985-05-06","Wake Forest University","G"
"Adreian Payne","82","237","2015","2018","1991-02-19","Michigan State University","F-C"
"Elfrid Payton","76","185","2015","2018","1994-02-22","University of Louisiana at Lafayette","G"
"Gary Payton","75","190","2017","2018","1992-12-01","Oregon State University","G"
"London Perrantes","74","200","2018","2018","1994-10-03","University of Virginia","G"
"Alec Peters","81","232","2018","2018","1995-04-13","Valparaiso University","F"
"Mason Plumlee","83","245","2014","2018","1990-03-05","Duke University","C-F"
"Miles Plumlee","83","249","2013","2018","1988-09-01","Duke University","C-F"
"Jakob Poeltl","85","248","2017","2018","1995-10-15","University of Utah","C"
"Quincy Pondexter","79","220","2011","2018","1988-03-10","University of Washington","G-F"
"Otto Porter","80","198","2014","2018","1993-06-03","Georgetown University","F"
"Bobby Portis","83","230","2016","2018","1995-02-10","University of Arkansas","F"
"Kristaps Porzingis","87","240","2016","2018","1995-08-02","","F-C"
"Dwight Powell","83","240","2015","2018","1991-07-20","Stanford University","F-C"
"Norman Powell","76","215","2016","2018","1993-05-25","University of California, Los Angeles","G"
"Alex Poythress","79","238","2017","2018","1993-09-06","University of Kentucky","F"
"Jacob Pullen","73","200","2018","2018","1989-11-10","Kansas State University","G"
"Zhou Qi","85","210","2018","2018","1996-01-16","","F-C"
"Ivan Rabb","82","220","2018","2018","1997-02-04","University of California","F"
"Julius Randle","81","250","2015","2018","1994-11-29","University of Kentucky","F-C"
"Zach Randolph","81","260","2002","2018","1981-07-16","Michigan State University","F-C"
"J.J. Redick","76","190","2007","2018","1984-06-24","Duke University","G"
"Willie Reed","82","220","2016","2018","1990-05-16","Saint Louis University","F-C"
"Josh Richardson","78","200","2016","2018","1993-09-15","University of Tennessee","G"
"Malachi Richardson","78","205","2017","2018","1996-01-05","Syracuse University","G"
"Austin Rivers","76","200","2013","2018","1992-08-01","Duke University","G"
"Andre Roberson","79","210","2014","2018","1991-12-04","University of Colorado","G-F"
"Rajon Rondo","73","186","2007","2018","1986-02-22","University of Kentucky","G"
"Derrick Rose","75","190","2009","2018","1988-10-04","University of Memphis","G"
"Terrence Ross","79","206","2013","2018","1991-02-05","University of Washington","F-G"
"Terry Rozier","74","190","2016","2018","1994-03-17","University of Louisville","G"
"Ricky Rubio","76","194","2012","2018","1990-10-21","","G"
"DAngelo Russell","77","195","2016","2018","1996-02-23","Ohio State University","G"
"Domantas Sabonis","83","240","2017","2018","1996-05-03","Gonzaga University","F-C"
"JaKarr Sampson","81","214","2015","2018","1993-03-20","St. Johns University","G-F"
"Dario Saric","82","223","2017","2018","1994-04-08","","F"
"Tomas Satoransky","79","210","2017","2018","1991-10-30","","G"
"Dennis Schroder","73","172","2014","2018","1993-09-15","","G"
"Mike Scott","80","237","2013","2018","1988-07-16","University of Virginia","F"
"Thabo Sefolosha","79","220","2007","2018","1984-05-02","","G-F"
"Wayne Selden","77","230","2017","2018","1994-09-30","University of Kansas","G-F"
"Ramon Sessions","75","190","2008","2018","1986-04-11","University of Nevada, Reno","G"
"Iman Shumpert","77","220","2012","2018","1990-06-26","Georgia Institute of Technology","G"
"Pascal Siakam","81","230","2017","2018","1994-02-04","New Mexico State University","F"
"Ben Simmons","82","230","2018","2018","1996-07-20","Louisiana State University","G-F"
"Jonathon Simmons","78","195","2016","2018","1989-09-14","University of Houston","G-F"
"Kobi Simmons","77","166","2018","2018","1997-07-04","University of Arizona","G"
"Kyle Singler","80","228","2013","2018","1988-05-04","Duke University","F"
"Marcus Smart","76","220","2015","2018","1994-03-06","Oklahoma State University","G"
"Dennis Smith","75","195","2018","2018","1997-11-25","North Carolina State University","G"
"Ish Smith","73","175","2011","2018","1988-07-05","Wake Forest University","G"
"J.R. Smith","78","225","2005","2018","1985-09-09","","G-F"
"Jason Smith","85","245","2008","2018","1986-03-02","Colorado State University","F-C"
"Josh Smith","81","225","2005","2018","1985-12-05","","F"
"Tony Snell","79","200","2014","2018","1991-11-10","University of New Mexico","G-F"
"Marreese Speights","82","255","2009","2018","1987-08-04","University of Florida","C-F"
"Nik Stauskas","78","205","2015","2018","1993-10-07","University of Michigan","G"
"Lance Stephenson","77","230","2011","2018","1990-09-05","University of Cincinnati","G-F"
"Julyan Stone","78","200","2012","2018","1988-12-07","University of Texas at El Paso","G"
"Caleb Swanigan","80","250","2018","2018","1997-04-18","Purdue University","F"
"Jayson Tatum","80","205","2018","2018","1998-03-03","Duke University","F"
"Isaiah Taylor","75","170","2017","2018","1994-07-11","University of Texas at Austin","G"
"Jeff Teague","74","186","2010","2018","1988-06-10","Wake Forest University","G"
"Mirza Teletovic","81","242","2013","2018","1985-09-18","","F"
"Garrett Temple","78","195","2010","2018","1986-05-08","Louisiana State University","G"
"Milos Teodosic","77","196","2018","2018","1987-03-19","","G"
"Jason Terry","74","185","2000","2018","1977-09-15","University of Arizona","G"
"Daniel Theis","81","215","2018","2018","1992-04-04","","C"
"Lance Thomas","80","235","2012","2018","1988-04-24","Duke University","F"
"Klay Thompson","79","215","2012","2018","1990-02-08","Washington State University","G-F"
"Tristan Thompson","81","238","2012","2018","1991-03-13","University of Texas at Austin","F-C"
"Sindarius Thornwell","77","212","2018","2018","1994-11-15","University of South Carolina","G"
"Anthony Tolliver","80","240","2009","2018","1985-06-01","Creighton University","F-C"
"Karl-Anthony Towns","85","244","2016","2018","1995-11-15","University of Kentucky","C-F"
"P.J. Tucker","78","245","2007","2018","1985-05-05","University of Texas at Austin","F"
"Evan Turner","79","220","2011","2018","1988-10-27","Ohio State University","G"
"Myles Turner","83","243","2016","2018","1996-03-24","University of Texas at Austin","C-F"
"Ekpe Udoh","82","240","2011","2018","1987-05-20","Baylor University","C-F"
"Tyler Ulis","70","150","2017","2018","1996-01-05","University of Kentucky","G"
"Jonas Valanciunas","85","265","2013","2018","1992-05-06","","C"
"Denzel Valentine","78","212","2017","2018","1993-11-16","Michigan State University","G"
"Fred VanVleet","73","195","2017","2018","1994-02-25","Wichita State University","G"
"Rashad Vaughn","78","202","2016","2018","1996-08-16","University of Nevada, Las Vegas","G"
"Noah Vonleh","82","240","2015","2018","1995-08-24","Indiana University","F"
"Nikola Vucevic","85","260","2012","2018","1990-10-24","University of Southern California","C"
"Dwyane Wade","76","220","2004","2018","1982-01-17","Marquette University","G"
"Dion Waiters","76","225","2013","2018","1991-12-10","Syracuse University","G"
"Kemba Walker","73","172","2012","2018","1990-05-08","University of Connecticut","G"
"John Wall","76","195","2011","2018","1990-09-06","University of Kentucky","G"
"Taurean Waller-Prince","80","220","2017","2018","1994-03-22","Baylor University","F"
"Derrick Walton","73","189","2018","2018","1995-04-03","University of Michigan","G"
"T.J. Warren","80","230","2015","2018","1993-09-05","North Carolina State University","F"
"Briante Weber","74","165","2016","2018","1992-12-29","Virginia Commonwealth University","G"
"David West","81","250","2004","2018","1980-08-29","Xavier University","F"
"Russell Westbrook","75","200","2009","2018","1988-11-12","University of California, Los Angeles","G"
"Derrick White","77","190","2018","2018","1994-07-02","University of Colorado","G"
"Okaro White","80","204","2017","2018","1992-08-13","Florida State University","F"
"Isaiah Whitehead","76","213","2017","2018","1995-03-08","Seton Hall University","G"
"Hassan Whiteside","85","265","2011","2018","1989-06-13","Marshall University","C"
"Andrew Wiggins","80","199","2015","2018","1995-02-23","University of Kansas","F-G"
"Jacob Wiley","79","215","2018","2018","1994-09-04","Eastern Washington University","F"
"Damien Wilkins","78","225","2005","2018","1980-01-11","University of Georgia","F-G"
"C.J. Williams","77","225","2018","2018","1990-02-06","North Carolina State University","G"
"Lou Williams","73","175","2006","2018","1986-10-27","","G"
"Marvin Williams","81","237","2006","2018","1986-06-19","University of North Carolina","F"
"Matt Williams","77","210","2018","2018","1993-10-14","University of Central Florida","G"
"Troy Williams","79","218","2017","2018","1994-12-30","Indiana University","F"
"D.J. Wilson","82","234","2018","2018","1996-02-19","University of Michigan","F"
"Jamil Wilson","79","230","2018","2018","1990-11-21","Marquette University","F"
"Justise Winslow","79","225","2016","2018","1996-03-26","Duke University","F"
"Jeff Withey","85","231","2014","2018","1990-03-07","University of Kansas","C"
"Nate Wolters","76","190","2014","2018","1991-05-15","South Dakota State University","G"
"Brandan Wright","82","210","2008","2018","1987-10-05","University of North Carolina","F-C"
"Delon Wright","77","183","2016","2018","1992-04-26","University of Utah","G"
"Guerschon Yabusele","79","260","2018","2018","1995-12-17","","F"
"Joe Young","74","180","2016","2018","1992-06-27","University of Oregon","G"
"Nick Young","79","210","2008","2018","1985-06-01","University of Southern California","G-F"
"Thaddeus Young","80","221","2008","2018","1988-06-21","Georgia Institute of Technology","F"
"Cody Zeller","85","240","2014","2018","1992-10-05","Indiana University","C-F"
"Tyler Zeller","85","253","2013","2018","1990-01-17","University of North Carolina","F-C"
"Paul Zipser","80","215","2017","2018","1994-02-18","","G-F"
"Ante Zizic","83","250","2018","2018","1997-01-04","","F-C"
"Ivica Zubac","85","265","2017","2018","1997-03-18","","C"
"Alexis Ajinca","86","248","2009","2017","1988-05-06","","C"
"Lavoy Allen","81","260","2012","2017","1989-02-04","Temple University","F-C"
"Chris Andersen","82","245","2002","2017","1978-07-07","Blinn College","F-C"
"Alan Anderson","78","220","2006","2017","1982-10-16","Michigan State University","G-F"
"Joel Anthony","81","245","2008","2017","1982-08-09","University of Nevada, Las Vegas","C"
"Wade Baldwin","76","202","2017","2017","1996-03-29","Vanderbilt University","G"
"Leandro Barbosa","75","194","2004","2017","1982-11-28","","G"
"Matt Barnes","79","226","2004","2017","1980-03-09","University of California, Los Angeles","F"
"Brandon Bass","80","250","2006","2017","1985-04-30","Louisiana State University","F"
"Anthony Bennett","80","245","2014","2017","1993-03-14","University of Nevada, Las Vegas","F"
"Ben Bentil","81","235","2017","2017","1995-03-29","Providence College","F"
"Anthony Brown","79","210","2016","2017","1992-10-10","Stanford University","F-G"
"Trey Burke","73","191","2014","2017","1992-11-12","University of Michigan","G"
"Rakeem Christmas","81","250","2016","2017","1991-12-01","Syracuse University","F"
"Semaj Christon","75","190","2017","2017","1992-11-01","Xavier University","G"
"Norris Cole","74","175","2012","2017","1988-10-13","Cleveland State University","G"
"Seth Curry","74","185","2014","2017","1990-08-23","Duke University","G"
"Boris Diaw","80","250","2004","2017","1982-04-16","","F-C"
"Toney Douglas","74","195","2010","2017","1986-03-16","Florida State University","G"
"Mike Dunleavy","81","230","2003","2017","1980-09-15","Duke University","F-G"
"Jarell Eddie","79","218","2016","2017","1991-10-30","Virginia Polytechnic Institute and State University","G-F"
"Monta Ellis","75","185","2006","2017","1985-10-26","","G"
"Dante Exum","78","190","2015","2017","1995-07-13","","G"
"Jordan Farmar","74","180","2007","2017","1986-11-30","University of California, Los Angeles","G"
"Randy Foye","76","213","2007","2017","1983-09-24","Villanova University","G"
"Patricio Garino","78","210","2017","2017","1993-05-17","George Washington University","G-F"
"Michael Gbinije","79","200","2017","2017","1992-06-05","Syracuse University","G"
"Alonzo Gee","78","225","2010","2017","1987-05-29","University of Alabama","G"
"Jonathan Gibson","74","185","2017","2017","1987-11-08","New Mexico State University","G"
"Archie Goodwin","77","200","2014","2017","1994-08-17","University of Kentucky","G"
"Gerald Green","79","205","2006","2017","1986-01-26","","G-F"
"Justin Hamilton","85","260","2014","2017","1990-04-01","Louisiana State University","C"
"A.J. Hammons","85","260","2017","2017","1992-08-27","Purdue University","C"
"Justin Harper","82","225","2012","2017","1989-08-30","University of Richmond","F"
"Manny Harris","77","185","2011","2017","1989-09-21","University of Michigan","G"
"Aaron Harrison","78","210","2016","2017","1994-10-28","University of Kentucky","G"
"Spencer Hawes","85","245","2008","2017","1988-04-28","University of Washington","C-F"
"Gerald Henderson","77","215","2010","2017","1987-12-09","Duke University","G"
"Roy Hibbert","86","270","2009","2017","1986-12-11","Georgetown University","C"
"Jordan Hill","82","235","2010","2017","1987-07-27","University of Arizona","C-F"
"Solomon Hill","79","225","2014","2017","1991-03-18","University of Arizona","F"
"Marcelo Huertas","75","200","2016","2017","1983-05-25","","G"
"Kris Humphries","81","235","2005","2017","1985-02-06","University of Minnesota","F-C"
"R.J. Hunter","77","185","2016","2017","1993-10-24","Georgia State University","G"
"Pierre Jackson","70","180","2017","2017","1991-08-29","Baylor University","G"
"John Jenkins","76","215","2013","2017","1991-03-06","Vanderbilt University","G"
"Brandon Jennings","73","170","2010","2017","1989-09-23","","G"
"Dahntay Jones","78","225","2004","2017","1980-12-27","Duke University","G-F"
"James Jones","80","218","2004","2017","1980-10-04","University of Miami","F-G"
"Terrence Jones","81","252","2013","2017","1992-01-09","University of Kentucky","F"
"Ryan Kelly","83","230","2014","2017","1991-04-09","Duke University","F"
"Brandon Knight","75","189","2012","2017","1991-12-02","University of Kentucky","G"
"Nicolas Laprovittola","76","180","2017","2017","1990-01-31","","G"
"Zach LaVine","77","189","2015","2017","1995-03-10","University of California, Los Angeles","G"
"Ty Lawson","71","195","2010","2017","1987-11-03","University of North Carolina","G"
"David Lee","81","245","2006","2017","1983-04-29","University of Florida","F"
"Shawn Long","81","255","2017","2017","1993-01-29","University of Louisiana at Lafayette","C-F"
"John Lucas III","71","166","2006","2017","1982-11-21","Oklahoma State University","G"
"Sheldon Mac","77","200","2017","2017","1992-12-21","University of Miami","G"
"K.J. McDaniels","78","205","2015","2017","1993-02-09","Clemson University","G-F"
"Rodney McGruder","76","205","2017","2017","1991-07-29","Kansas State University","G"
"Jordan McRae","78","185","2016","2017","1991-03-28","University of Tennessee","G"
"Josh McRoberts","82","240","2008","2017","1987-02-28","Duke University","F"
"Mike Miller","80","218","2001","2017","1980-02-19","University of Florida","F-G"
"Elijah Millsap","78","225","2015","2017","1987-08-12","University of Alabama at Birmingham","G-F"
"Anthony Morrow","77","210","2009","2017","1985-09-27","Georgia Institute of Technology","G"
"Donatas Motiejunas","85","222","2013","2017","1990-09-20","","F-C"
"Maurice Ndour","81","200","2017","2017","1992-06-18","Ohio University","F"
"Gary Neal","76","210","2011","2017","1984-10-03","Towson University","G"
"Georges Niang","80","230","2017","2017","1993-06-17","Iowa State University","F"
"Andrew Nicholson","81","250","2013","2017","1989-12-08","St. Bonaventure University","F"
"Steve Novak","82","225","2007","2017","1983-06-13","Marquette University","F"
"Daniel Ochefu","83","245","2017","2017","1993-12-15","Villanova University","C"
"Arinze Onuaku","81","255","2014","2017","1987-07-13","Syracuse University","C"
"Chinanu Onuaku","82","245","2017","2017","1996-11-01","University of Louisville","F-C"
"Jabari Parker","80","250","2015","2017","1995-03-15","Duke University","F"
"Lamar Patterson","77","225","2016","2017","1991-08-12","University of Pittsburgh","G-F"
"Cameron Payne","75","185","2016","2017","1994-08-08","Murray State University","G"
"Paul Pierce","79","235","1999","2017","1977-10-13","University of Kansas","F-G"
"Marshall Plumlee","85","250","2017","2017","1992-07-14","Duke University","C"
"Ronnie Price","74","190","2006","2017","1983-06-21","Utah Valley State College","G"
"Tim Quarterman","78","195","2017","2017","1994-10-27","Louisiana State University","G"
"Chasson Randle","74","185","2017","2017","1993-02-05","Stanford University","G"
"Brian Roberts","73","173","2013","2017","1985-12-03","University of Dayton","G"
"Glenn Robinson","78","222","2015","2017","1994-01-08","University of Michigan","G-F"
"Thomas Robinson","82","237","2013","2017","1991-03-17","University of Kansas","F"
"Sergio Rodriguez","75","176","2007","2017","1986-06-12","","G"
"Damjan Rudez","82","228","2015","2017","1986-06-17","","F"
"Brandon Rush","78","220","2009","2017","1985-07-07","University of Kansas","G-F"
"Larry Sanders","83","235","2011","2017","1988-11-21","Virginia Commonwealth University","C-F"
"Luis Scola","81","240","2008","2017","1980-04-30","","F"
"Kevin Seraphin","81","285","2011","2017","1989-12-07","","F"
"Tiago Splitter","83","245","2011","2017","1985-01-01","","F-C"
"Jarnell Stokes","81","263","2015","2017","1994-01-07","University of Tennessee","F-C"
"Diamond Stone","83","255","2017","2017","1997-02-10","University of Maryland","C"
"Rodney Stuckey","77","210","2008","2017","1986-04-21","Eastern Washington University","G"
"Jared Sullinger","81","260","2013","2017","1992-03-04","Ohio State University","F"
"Edy Tavares","87","260","2016","2017","1992-03-22","","C"
"Isaiah Thomas","69","185","2012","2017","1989-02-07","University of Washington","G"
"Hollis Thompson","80","206","2014","2017","1991-04-03","Georgetown University","G-F"
"Marcus Thornton","76","205","2010","2017","1987-06-05","Louisiana State University","G"
"Mike Tobey","85","260","2017","2017","1994-10-10","University of Virginia","C"
"Axel Toupane","79","197","2016","2017","1992-07-23","","G-F"
"Beno Udrih","75","205","2005","2017","1982-07-05","","G"
"Jarrod Uthoff","81","221","2017","2017","1993-05-19","University of Iowa","F"
"Anderson Varejao","82","273","2005","2017","1982-09-28","","F-C"
"Greivis Vasquez","78","217","2011","2017","1987-01-16","University of Maryland","G"
"Sasha Vujacic","79","195","2005","2017","1984-03-08","","G"
"C.J. Watson","74","175","2008","2017","1984-04-17","University of Tennessee","G"
"C.J. Wilcox","77","195","2015","2017","1990-12-30","University of Washington","G"
"Alan Williams","80","260","2016","2017","1993-01-28","University of California, Santa Barbara","F-C"
"Deron Williams","75","200","2006","2017","1984-06-26","University of Illinois at Urbana-Champaign","G"
"Derrick Williams","80","240","2012","2017","1991-05-25","University of Arizona","F"
"Reggie Williams","78","205","2010","2017","1986-09-14","Virginia Military Institute","F"
"Kyle Wiltjer","82","240","2017","2017","1992-10-20","Gonzaga University","F"
"Christian Wood","83","220","2016","2017","1995-09-27","University of Nevada, Las Vegas","F"
"Metta World Peace","78","260","2000","2017","1979-11-13","St. Johns University","F"
"James Young","78","215","2015","2017","1995-08-16","University of Kentucky","G-F"
"Stephen Zimmerman","85","240","2017","2017","1996-09-09","University of Nevada, Las Vegas","C"
"Jordan Adams","77","209","2015","2016","1994-07-08","University of California, Los Angeles","G"
"Cliff Alexander","80","245","2016","2016","1995-11-16","University of Kansas","F"
"Lou Amundson","81","220","2007","2016","1982-12-07","University of Nevada, Las Vegas","F"
"James Anderson","78","213","2011","2016","1989-03-25","Oklahoma State University","G-F"
"Thanasis Antetokounmpo","79","205","2016","2016","1992-07-17","","F"
"Keith Appling","73","185","2016","2016","1992-02-13","Michigan State University","G"
"Jeff Ayres","81","240","2010","2016","1987-04-29","Arizona State University","F"
"Cameron Bairstow","81","250","2015","2016","1990-12-07","University of New Mexico","F-C"
"Andrea Bargnani","85","245","2007","2016","1985-10-26","","F-C"
"DeJuan Blair","79","270","2010","2016","1989-04-22","University of Pittsburgh","F-C"
"Steve Blake","75","172","2004","2016","1980-02-26","University of Maryland","G"
"Matt Bonner","82","235","2005","2016","1980-04-05","University of Florida","F"
"Chris Bosh","83","235","2004","2016","1984-03-24","Georgia Institute of Technology","F-C"
"Elton Brand","80","275","2000","2016","1979-03-11","Duke University","F"
"Markel Brown","75","190","2015","2016","1992-01-29","Oklahoma State University","G"
"Kobe Bryant","78","212","1997","2016","1978-08-23","","G-F"
"Chase Budinger","79","209","2010","2016","1988-05-22","University of Arizona","F"
"Caron Butler","79","228","2003","2016","1980-03-13","University of Connecticut","F"
"Rasual Butler","79","215","2003","2016","1979-05-23","La Salle University","F-G"
"Coty Clarke","79","232","2016","2016","1992-07-04","University of Arkansas","F"
"Chris Copeland","81","239","2013","2016","1984-03-17","University of Colorado","F"
"Bryce Cotton","73","165","2015","2016","1992-08-11","Providence College","G"
"Jared Cunningham","76","195","2013","2016","1991-05-22","Oregon State University","G"
"Branden Dawson","78","225","2016","2016","1993-02-01","Michigan State University","F"
"Bryce Dejean-Jones","78","209","2016","2016","1992-08-21","Iowa State University","G"
"Duje Dukan","81","220","2016","2016","1991-12-04","University of Wisconsin","F"
"Tim Duncan","83","250","1998","2016","1976-04-25","Wake Forest University","F-C"
"Cleanthony Early","80","210","2015","2016","1991-04-17","Wichita State University","F"
"Jeremy Evans","81","200","2011","2016","1987-10-24","Western Kentucky University","F"
"Festus Ezeli","83","255","2013","2016","1989-10-21","Vanderbilt University","C"
"Jimmer Fredette","74","195","2012","2016","1989-02-25","Brigham Young University","G"
"Kevin Garnett","83","240","1996","2016","1976-05-19","","F-C"
"Drew Gooden","82","250","2003","2016","1981-09-24","University of Kansas","F"
"Andrew Goudelock","75","200","2012","2016","1988-12-07","College of Charleston","G"
"Erick Green","76","185","2015","2016","1991-05-09","Virginia Polytechnic Institute and State University","G"
"Jorge Gutierrez","75","191","2014","2016","1988-12-27","University of California","G"
"P.J. Hairston","78","230","2015","2016","1992-12-24","University of North Carolina","G-F"
"Jordan Hamilton","79","220","2012","2016","1990-10-06","University of Texas at Austin","G-F"
"Tyler Hansbrough","81","250","2010","2016","1985-11-03","University of North Carolina","F"
"Chuck Hayes","78","240","2006","2016","1983-06-11","University of Kentucky","F-C"
"J.J. Hickson","81","242","2009","2016","1988-09-04","North Carolina State University","F-C"
"Kirk Hinrich","76","190","2004","2016","1981-01-02","University of Kansas","G"
"Ryan Hollins","85","240","2007","2016","1984-10-10","University of California, Los Angeles","C"
"Damien Inglis","80","246","2016","2016","1995-05-20","","F"
"Cory Jefferson","81","218","2015","2016","1990-12-26","Baylor University","F"
"Chris Johnson","78","206","2013","2016","1990-04-29","University of Dayton","F-G"
"Orlando Johnson","77","220","2013","2016","1989-03-11","University of California, Santa Barbara","G"
"Chris Kaman","85","265","2004","2016","1982-04-28","Central Michigan University","C"
"Sergey Karasev","79","208","2014","2016","1993-10-26","","G-F"
"Sasha Kaun","83","260","2016","2016","1985-05-08","University of Kansas","C"
"Carl Landry","81","248","2008","2016","1983-09-19","Purdue University","F"
"Devyn Marble","78","200","2015","2016","1992-09-21","University of Iowa","G-F"
"Kendall Marshall","76","200","2013","2016","1991-08-19","University of North Carolina","G"
"Kevin Martin","79","199","2005","2016","1983-02-01","Western Carolina University","G"
"O.J. Mayo","77","210","2009","2016","1987-11-05","University of Southern California","G"
"Ray McCallum","75","190","2014","2016","1991-06-12","University of Detroit Mercy","G"
"Mitch McGary","82","255","2015","2016","1992-06-06","University of Michigan","F-C"
"Andre Miller","75","200","2000","2016","1976-03-19","University of Utah","G"
"Nazr Mohammed","82","221","1999","2016","1977-09-05","University of Kentucky","C"
"Luis Montero","79","185","2016","2016","1993-04-06","Westchester CC","G"
"Xavier Munford","74","180","2016","2016","1992-06-01","University of Rhode Island","G"
"J.J. OBrien","79","228","2016","2016","1992-04-08","San Diego State University","F"
"Kostas Papanikolaou","80","225","2015","2016","1990-07-31","","F"
"Nikola Pekovic","83","307","2011","2016","1986-01-03","","C"
"Kendrick Perkins","82","270","2004","2016","1984-11-10","","C"
"Tibor Pleiss","87","256","2016","2016","1989-11-02","","C"
"Phil Pressey","71","175","2014","2016","1991-02-17","University of Missouri","G"
"Pablo Prigioni","75","185","2013","2016","1977-05-17","","G"
"Tayshaun Prince","81","212","2003","2016","1980-02-28","University of Kentucky","F"
"Nate Robinson","69","180","2006","2016","1984-05-31","University of Washington","G"
"Robert Sacre","85","270","2013","2016","1989-06-06","Gonzaga University","C"
"Henry Sims","82","248","2013","2016","1990-03-27","Georgetown University","C"
"Donald Sloan","75","205","2012","2016","1988-01-15","Texas A&M University","G"
"Greg Smith","82","250","2012","2016","1991-01-08","California State University, Fresno","C"
"Russ Smith","73","165","2015","2016","1991-04-19","University of Louisville","G"
"Alex Stepheson","82","270","2016","2016","1987-08-07","University of Southern California","F"
"Amare Stoudemire","82","245","2003","2016","1982-11-16","","F-C"
"Jason Thompson","83","250","2009","2016","1986-07-21","Rider University","F-C"
"Charlie Villanueva","83","232","2006","2016","1984-08-24","University of Connecticut","F"
"Sonny Weems","78","205","2009","2016","1986-07-08","University of Arkansas","G-F"
"Shayne Whittington","83","250","2015","2016","1991-03-27","Western Michigan University","F-C"
"Elliot Williams","77","190","2012","2016","1989-06-20","University of Memphis","G"
"Mo Williams","73","198","2004","2016","1982-12-19","University of Alabama","G"
"Tony Wroten","78","205","2013","2016","1993-04-13","University of Washington","G"
"Jeff Adrien","79","245","2011","2015","1986-02-10","University of Connecticut","F"
"Furkan Aldemir","82","240","2015","2015","1991-08-09","","F-C"
"Pero Antic","83","260","2014","2015","1982-07-29","","C-F"
"Earl Barron","85","250","2006","2015","1981-08-14","University of Memphis","C"
"Jerrelle Benimon","80","245","2015","2015","1991-08-01","Towson University","F"
"Sim Bhullar","89","360","2015","2015","1992-12-02","New Mexico State University","C"
"Carlos Boozer","81","258","2003","2015","1981-11-20","Duke University","F-C"
"Jabari Brown","76","215","2015","2015","1992-12-18","University of Missouri","G"
"Shannon Brown","76","205","2007","2015","1985-11-29","Michigan State University","G"
"Dwight Buycks","75","190","2014","2015","1989-03-06","Marquette University","G"
"Will Bynum","73","185","2006","2015","1983-01-04","Georgia Institute of Technology","G"
"Nick Calathes","78","213","2014","2015","1989-02-07","University of Florida","G"
"Will Cherry","73","185","2015","2015","1991-02-08","University of Montana","G"
"Patrick Christopher","77","209","2015","2015","1988-06-03","University of California","G-F"
"Earl Clark","82","225","2010","2015","1988-01-17","University of Louisville","F"
"Victor Claver","81","224","2013","2015","1988-08-30","","F"
"Samuel Dalembert","83","255","2002","2015","1981-05-10","Seton Hall University","C"
"Luigi Datome","80","215","2014","2015","1987-11-27","","F"
"Brandon Davies","82","240","2014","2015","1991-07-25","Brigham Young University","F"
"Glen Davis","81","289","2008","2015","1986-01-01","Louisiana State University","F-C"
"Andre Dawkins","77","215","2015","2015","1991-09-19","Duke University","G"
"Austin Daye","83","220","2010","2015","1988-06-05","Gonzaga University","F"
"Joey Dorsey","80","268","2009","2015","1983-12-16","University of Memphis","F"
"Chris Douglas-Roberts","79","200","2009","2015","1987-01-08","University of Memphis","G"
"Zoran Dragic","77","200","2015","2015","1989-06-22","","G-F"
"Larry Drew","74","180","2015","2015","1990-03-05","University of California, Los Angeles","G"
"Reggie Evans","80","245","2003","2015","1980-05-18","University of Iowa","F"
"Landry Fields","79","210","2011","2015","1988-06-27","Stanford University","F"
"Jamaal Franklin","77","191","2014","2015","1991-07-21","San Diego State University","G"
"Joel Freeland","82","250","2013","2015","1987-02-07","","F-C"
"Francisco Garcia","79","195","2006","2015","1981-12-31","University of Louisville","F-G"
"Ben Gordon","75","200","2005","2015","1983-04-04","University of Connecticut","G"
"Drew Gordon","81","245","2015","2015","1990-07-12","University of New Mexico","F"
"Danny Granger","81","222","2006","2015","1983-04-20","University of New Mexico","F"
"Willie Green","76","200","2004","2015","1981-07-28","University of Detroit Mercy","G"
"Brendan Haywood","85","268","2002","2015","1979-11-27","University of North Carolina","C"
"Xavier Henry","78","220","2011","2015","1991-03-15","University of Kansas","G"
"Lester Hudson","75","190","2010","2015","1984-08-07","University of Tennessee at Martin","G"
"Robbie Hummel","80","215","2014","2015","1989-03-08","Purdue University","F"
"Bernard James","82","240","2013","2015","1985-02-07","Florida State University","C"
"Grant Jerrett","82","235","2015","2015","1993-07-08","University of Arizona","F"
"Nick Johnson","75","202","2015","2015","1992-12-22","University of Arizona","G"
"Perry Jones","83","235","2013","2015","1991-09-24","Baylor University","F"
"Jerome Jordan","85","253","2012","2015","1986-09-29","University of Tulsa","C"
"Andrei Kirilenko","81","220","2002","2015","1981-02-18","","F"
"Alex Kirk","85","245","2015","2015","1991-11-14","University of New Mexico","C"
"Ognjen Kuzmic","85","251","2014","2015","1990-05-16","","C"
"Ricky Ledo","79","195","2014","2015","1992-09-10","","G"
"Malcolm Lee","77","200","2012","2015","1990-05-22","University of California, Los Angeles","G"
"Kalin Lucas","73","195","2015","2015","1989-05-24","Michigan State University","G"
"Shawn Marion","79","220","2000","2015","1978-05-07","University of Nevada, Las Vegas","F"
"Cartier Martin","79","220","2009","2015","1984-11-20","Kansas State University","F"
"Kenyon Martin","81","234","2001","2015","1977-12-30","University of Cincinnati","F"
"Jason Maxiell","79","260","2006","2015","1983-02-18","University of Cincinnati","F"
"Jerel McNeal","75","200","2015","2015","1987-06-01","Marquette University","G"
"Gal Mekel","75","191","2014","2015","1988-03-04","Wichita State University","G"
"Quincy Miller","81","210","2013","2015","1992-11-18","Baylor University","F"
"Darius Morris","76","190","2012","2015","1991-01-03","University of Michigan","G"
"Toure Murry","77","195","2014","2015","1989-11-08","Wichita State University","G-F"
"Jannero Pargo","73","175","2003","2015","1979-10-22","University of Arkansas","G"
"A.J. Price","74","181","2010","2015","1986-10-07","University of Connecticut","G"
"Miroslav Raduljica","85","250","2014","2015","1988-01-05","","C"
"Shavlik Randolph","82","240","2006","2015","1983-11-24","Duke University","F"
"Glen Rice","78","206","2014","2015","1991-01-01","Georgia Institute of Technology","G"
"Jason Richardson","78","220","2002","2015","1981-01-20","Michigan State University","G"
"Luke Ridnour","74","175","2004","2015","1981-02-13","University of Oregon","G"
"John Salmons","79","210","2003","2015","1979-12-12","University of Miami","G"
"Alexey Shved","78","190","2013","2015","1988-12-16","","G"
"Greg Stiemsma","83","260","2012","2015","1985-09-26","University of Wisconsin","C"
"David Stockton","71","165","2015","2015","1991-06-24","Gonzaga University","G"
"Jeffery Taylor","79","225","2013","2015","1989-05-23","Vanderbilt University","F"
"Sebastian Telfair","73","165","2005","2015","1985-06-09","","G"
"Malcolm Thomas","81","225","2012","2015","1988-11-08","San Diego State University","F"
"Tyrus Thomas","81","215","2007","2015","1986-08-17","Louisiana State University","F"
"Ronny Turiaf","82","249","2006","2015","1983-01-13","Gonzaga University","F"
"Hedo Turkoglu","82","220","2001","2015","1979-03-19","","F"
"Henry Walker","78","220","2009","2015","1987-10-09","Kansas State University","F"
"Gerald Wallace","79","215","2002","2015","1982-07-23","University of Alabama","F"
"David Wear","82","230","2015","2015","1990-09-21","University of California, Los Angeles","F"
"Travis Wear","82","230","2015","2015","1990-09-21","University of California, Los Angeles","F"
"Martell Webster","79","230","2006","2015","1986-12-04","","G-F"
"Shawne Williams","81","225","2007","2015","1986-02-16","University of Memphis","F"
"Dorell Wright","81","205","2005","2015","1985-12-02","","F-G"
"Ray Allen","77","205","1997","2014","1975-07-20","University of Connecticut","G"
"Hilton Armstrong","83","235","2007","2014","1984-11-11","University of Connecticut","F-C"
"Gustavo Ayon","82","250","2012","2014","1985-04-01","","C"
"Chris Babb","77","225","2014","2014","1990-02-14","Iowa State University","G"
"Shane Battier","80","220","2002","2014","1978-09-09","Duke University","F"
"Andris Biedrins","83","240","2005","2014","1986-04-02","","C"
"Chauncey Billups","75","202","1998","2014","1976-09-25","University of Colorado","G"
"Andray Blatche","83","235","2006","2014","1986-08-22","","F"
"Keith Bogans","77","215","2004","2014","1980-05-12","University of Kentucky","G-F"
"Ronnie Brewer","79","220","2007","2014","1985-03-20","University of Arkansas","G-F"
"MarShon Brooks","77","200","2012","2014","1989-01-26","Providence College","G-F"
"Andrew Bynum","85","285","2006","2014","1987-10-27","","C"
"Josh Childress","80","210","2005","2014","1983-06-20","Stanford University","G-F"
"Dionte Christmas","77","205","2014","2014","1986-09-15","Temple University","G"
"Jason Collins","85","255","2002","2014","1978-12-02","Stanford University","C"
"Nando De Colo","77","200","2013","2014","1987-06-23","","G"
"Shane Edwards","79","220","2014","2014","1987-05-31","University of Arkansas at Little Rock","F"
"Melvin Ely","82","260","2003","2014","1978-05-02","California State University, Fresno","C"
"Vitor Faverani","83","260","2014","2014","1988-05-05","","C"
"Carrick Felix","78","201","2014","2014","1990-08-17","Arizona State University","G"
"Derek Fisher","73","200","1997","2014","1974-08-09","University of Arkansas at Little Rock","G"
"Diante Garrett","76","190","2013","2014","1988-11-03","Iowa State University","G"
"Ryan Gomes","79","250","2006","2014","1982-09-01","Providence College","F"
"Aaron Gray","85","270","2008","2014","1984-12-07","University of Pittsburgh","C"
"Josh Harrellson","82","275","2012","2014","1989-02-12","University of Kentucky","C"
"Al Harrington","81","230","1999","2014","1980-02-17","","F"
"Elias Harris","80","239","2014","2014","1989-07-06","Gonzaga University","F"
"Mike Harris","78","240","2008","2014","1983-06-15","Rice University","F"
"Scotty Hopson","79","204","2014","2014","1989-08-08","University of Tennessee","G"
"Royal Ivey","75","200","2005","2014","1981-12-20","University of Texas at Austin","G"
"Stephen Jackson","80","218","2001","2014","1978-04-05","Butler County Community College","F-G"
"Damion James","79","225","2011","2014","1987-10-07","University of Texas at Austin","G-F"
"Antawn Jamison","80","223","1999","2014","1976-06-12","University of North Carolina","F"
"Othyus Jeffers","77","200","2010","2014","1985-08-05","Robert Morris University (IL)","G"
"Darius Johnson-Odom","74","215","2013","2014","1989-09-28","Marquette University","G"
"Solomon Jones","82","230","2007","2014","1984-07-16","University of South Florida","F"
"Viacheslav Kravtsov","85","260","2013","2014","1987-08-25","","C"
"Doron Lamb","76","210","2013","2014","1991-11-06","University of Kentucky","G"
"Rashard Lewis","82","215","1999","2014","1979-08-08","","F"
"Roger Mason","77","200","2003","2014","1980-09-10","University of Virginia","G"
"Eric Maynor","75","175","2010","2014","1987-06-11","Virginia Commonwealth University","G"
"Tony Mitchell","80","235","2014","2014","1992-04-07","University of North Texas","F"
"Arnett Moultrie","83","249","2013","2014","1990-11-18","Mississippi State University","F"
"Byron Mullens","85","275","2010","2014","1989-02-14","Ohio State University","C"
"Erik Murphy","82","230","2014","2014","1990-10-26","University of Florida","F"
"Hamady NDiaye","85","235","2011","2014","1987-01-12","Rutgers University","C"
"Steve Nash","75","195","1997","2014","1974-02-07","Santa Clara University","G"
"Nemanja Nedovic","75","192","2014","2014","1991-06-16","","G"
"James Nunnally","79","205","2014","2014","1990-07-14","University of California, Santa Barbara","F"
"Jermaine ONeal","83","226","1997","2014","1978-10-13","","F-C"
"Greg Oden","85","250","2009","2014","1988-01-22","Ohio State University","C"
"Daniel Orton","82","255","2012","2014","1990-08-06","University of Kentucky","C-F"
"Travis Outlaw","81","210","2004","2014","1984-09-18","","F"
"Dexter Pittman","83","308","2011","2014","1988-03-02","University of Texas at Austin","C"
"Josh Powell","81","225","2006","2014","1983-01-25","North Carolina State University","F"
"Anthony Randolph","82","205","2009","2014","1989-07-15","Louisiana State University","F"
"Mustafa Shakur","75","190","2011","2014","1984-08-18","University of Arizona","G"
"Tornike Shengelia","81","217","2013","2014","1991-10-05","","F"
"Chris Singleton","80","230","2012","2014","1989-11-21","Florida State University","F"
"Peyton Siva","73","185","2014","2014","1990-10-24","University of Louisville","G"
"Chris Smith","74","200","2014","2014","1987-10-13","University of Louisville","G"
"James Southerland","80","215","2014","2014","1990-04-28","Syracuse University","F"
"D.J. Stephens","77","188","2014","2014","1990-12-19","University of Memphis","G-F"
"Tyshawn Taylor","75","185","2013","2014","1990-04-12","University of Kansas","G"
"Marquis Teague","74","189","2013","2014","1993-02-28","University of Kentucky","G"
"Hasheem Thabeet","87","263","2010","2014","1987-02-16","University of Connecticut","C"
"Adonis Thomas","79","200","2014","2014","1993-03-25","University of Memphis","F"
"Jamaal Tinsley","75","195","2002","2014","1978-02-28","Iowa State University","G"
"Jeremy Tyler","82","260","2012","2014","1991-06-21","","C"
"Jarvis Varnado","81","230","2013","2014","1988-03-01","Mississippi State University","F"
"Jan Vesely","83","240","2012","2014","1990-04-24","","F"
"Casper Ware","70","175","2014","2014","1990-01-17","California State University, Long Beach","G"
"Earl Watson","73","195","2002","2014","1979-06-12","University of California, Los Angeles","G"
"Maalik Wayns","74","200","2013","2014","1991-05-02","Villanova University","G"
"D.J. White","81","251","2009","2014","1986-08-31","Indiana University","F"
"Royce White","80","270","2014","2014","1991-04-10","Iowa State University","F"
"Chris Wright","80","226","2012","2014","1988-09-30","University of Dayton","F"
"Josh Akognon","71","185","2013","2013","1986-02-10","California State University, Fullerton","G"
"Rodrigue Beaubois","73","170","2010","2013","1988-02-24","","G"
"Kwame Brown","83","270","2002","2013","1982-03-10","","F"
"Marcus Camby","83","220","1997","2013","1974-03-22","University of Massachusetts Amherst","C-F"
"Matt Carroll","78","212","2004","2013","1980-08-28","University of Notre Dame","G"
"Will Conroy","74","195","2007","2013","1982-12-08","University of Washington","G"
"Daequan Cook","77","205","2008","2013","1987-04-28","Ohio State University","G"
"Eddy Curry","85","295","2002","2013","1982-12-05","","C"
"Marquis Daniels","78","200","2004","2013","1981-01-07","Auburn University","G-F"
"Carlos Delfino","78","230","2005","2013","1982-08-29","","G"
"Justin Dentmon","71","185","2012","2013","1985-09-05","University of Washington","G"
"DeSagana Diop","85","300","2002","2013","1982-01-30","","C"
"Keyon Dooling","75","196","2001","2013","1980-05-08","University of Missouri","G"
"Chris Duhon","73","185","2005","2013","1982-08-31","Duke University","G"
"Devin Ebanks","81","215","2011","2013","1989-10-28","West Virginia University","F"
"Kim English","78","200","2013","2013","1988-09-24","University of Missouri","G"
"Mickael Gelabale","79","215","2007","2013","1983-05-22","","F"
"Daniel Gibson","74","190","2007","2013","1986-02-27","University of Texas at Austin","G"
"Hamed Haddadi","86","254","2009","2013","1985-05-19","","C"
"Richard Hamilton","78","185","2000","2013","1978-02-14","University of Connecticut","G-F"
"Ben Hansbrough","75","203","2013","2013","1987-12-23","University of Notre Dame","G"
"Terrel Harris","77","190","2012","2013","1987-08-10","Oklahoma State University","G"
"Lazar Hayward","78","225","2011","2013","1986-11-26","Marquette University","F"
"Cory Higgins","77","180","2012","2013","1989-06-14","University of Colorado","G"
"Grant Hill","80","225","1995","2013","1972-10-05","Duke University","F-G"
"Tyler Honeycutt","80","188","2012","2013","1990-07-15","University of California, Los Angeles","F"
"Josh Howard","79","210","2004","2013","1980-04-28","Wake Forest University","F-G"
"Juwan Howard","81","240","1995","2013","1973-02-07","University of Michigan","F"
"Jared Jeffries","83","230","2003","2013","1981-11-25","Indiana University","F"
"Charles Jenkins","75","220","2012","2013","1989-02-28","Hofstra University","G"
"Ivan Johnson","80","230","2012","2013","1984-04-10","University of Oregon","F"
"DeQuan Jones","80","221","2013","2013","1990-06-20","University of Miami","F"
"Dominique Jones","76","215","2011","2013","1988-10-15","University of South Florida","G"
"Kevin Jones","80","251","2013","2013","1989-08-25","West Virginia University","F"
"Kris Joseph","79","210","2013","2013","1988-12-17","Syracuse University","F"
"Jason Kidd","76","205","1995","2013","1973-03-23","University of California","G"
"Linas Kleiza","80","245","2006","2013","1985-01-03","University of Missouri","F"
"Scott Machado","73","205","2013","2013","1990-06-08","Iona College","G"
"Corey Maggette","78","218","2000","2013","1979-11-12","Duke University","F"
"Dominic McGuire","81","220","2008","2013","1985-10-20","California State University, Fresno","F"
"Fab Melo","85","255","2013","2013","1990-06-20","Syracuse University","C"
"Darko Milicic","85","250","2004","2013","1985-06-20","","F-C"
"Kevin Murphy","77","185","2013","2013","1990-03-06","Tennessee Technological University","G"
"Troy Murphy","83","245","2002","2013","1980-05-02","University of Notre Dame","F-C"
"Lamar Odom","82","220","2000","2013","1979-11-06","University of Rhode Island","F"
"Tim Ohlbrecht","83","255","2013","2013","1988-08-30","","C"
"Emeka Okafor","82","252","2005","2013","1982-09-28","University of Connecticut","C-F"
"Jeremy Pargo","74","219","2012","2013","1986-03-17","Gonzaga University","G"
"Sasha Pavlovic","80","220","2004","2013","1983-11-15","","G-F"
"Johan Petro","85","247","2006","2013","1986-01-27","","C"
"Mickael Pietrus","78","215","2004","2013","1982-02-07","","G-F"
"Joel Przybilla","85","255","2001","2013","1979-10-10","University of Minnesota","C"
"Chris Quinn","74","185","2007","2013","1983-09-27","University of Notre Dame","G"
"Vladimir Radmanovic","82","227","2002","2013","1980-11-19","","F"
"Quentin Richardson","78","223","2001","2013","1980-04-13","DePaul University","G"
"Brandon Roy","78","215","2007","2013","1984-07-23","University of Washington","G"
"Samardo Samuels","81","260","2011","2013","1989-01-09","University of Louisville","F"
"Josh Selby","74","183","2012","2013","1991-03-27","University of Kansas","G"
"Nolan Smith","74","185","2012","2013","1988-07-25","Duke University","G"
"Jerry Stackhouse","78","218","1996","2013","1974-11-05","University of North Carolina","G-F"
"DeShawn Stevenson","77","210","2001","2013","1981-04-03","","G"
"DaJuan Summers","80","230","2010","2013","1988-01-24","Georgetown University","F"
"Kurt Thomas","81","230","1996","2013","1972-10-04","Texas Christian University","F"
"Rasheed Wallace","82","225","1996","2013","1974-09-17","University of North Carolina","F-C"
"Luke Walton","80","235","2004","2013","1980-03-28","University of Arizona","F"
"Hakim Warrick","81","219","2006","2013","1982-07-08","Syracuse University","F"
"James White","79","200","2007","2013","1982-10-21","University of Cincinnati","G-F"
"Chris Wilcox","82","221","2003","2013","1982-09-03","University of Maryland","F"
"Terrence Williams","78","220","2010","2013","1987-06-28","University of Louisville","F"
"Sam Young","78","220","2010","2013","1985-06-01","University of Pittsburgh","F"
"Luke Zeller","83","245","2013","2013","1987-04-07","University of Notre Dame","C"
"Blake Ahearn","74","190","2008","2012","1984-05-27","Missouri State University","G"
"Solomon Alabi","85","251","2011","2012","1988-03-21","Florida State University","C"
"Morris Almond","78","225","2008","2012","1985-02-02","Rice University","G"
"Gilbert Arenas","75","191","2002","2012","1982-01-06","University of Arizona","G"
"Kelenna Azubuike","77","220","2007","2012","1983-12-16","University of Kentucky","G"
"Renaldo Balkman","80","208","2007","2012","1984-07-14","University of South Carolina","F"
"Tony Battie","83","230","1998","2012","1976-02-11","Texas Tech University","C-F"
"Raja Bell","77","204","2001","2012","1976-09-19","Florida International University","G"
"Keith Benson","83","240","2012","2012","1988-08-13","Oakland University","C"
"Mike Bibby","73","190","1999","2012","1978-05-13","University of Arizona","G"
"Earl Boykins","65","135","1999","2012","1976-06-02","Eastern Michigan University","G"
"Craig Brackins","82","230","2011","2012","1987-10-09","Iowa State University","F"
"Jon Brockman","79","255","2010","2012","1987-03-20","University of Washington","F"
"Derrick Brown","79","225","2010","2012","1987-09-08","Xavier University","F"
"Derrick Byars","79","220","2012","2012","1984-04-25","Vanderbilt University","F"
"Brian Cardinal","80","245","2001","2012","1977-05-02","Purdue University","F"
"Anthony Carter","73","190","2000","2012","1975-06-16","University of Hawaii","G"
"Brian Cook","81","234","2004","2012","1980-12-04","University of Illinois at Urbana-Champaign","F"
"Erick Dampier","83","265","1997","2012","1975-07-14","Mississippi State University","C"
"Baron Davis","75","209","2000","2012","1979-04-13","University of California, Los Angeles","G"
"Josh Davis","80","235","2004","2012","1980-08-10","University of Wyoming","F"
"Eric Dawson","81","250","2012","2012","1984-07-07","Midwestern State University","F"
"Ike Diogu","80","250","2006","2012","1983-09-11","Arizona State University","F"
"Jerome Dyson","75","180","2012","2012","1987-05-01","University of Connecticut","G"
"Francisco Elson","85","235","2004","2012","1976-02-28","University of California","C"
"Andre Emmett","77","230","2005","2012","1982-08-27","Texas Tech University","F"
"Semih Erden","85","240","2011","2012","1986-07-28","","C"
"Maurice Evans","77","220","2002","2012","1978-11-08","University of Texas at Austin","G"
"Christian Eyenga","77","210","2011","2012","1989-06-22","","F"
"Rudy Fernandez","78","185","2009","2012","1985-04-04","","G"
"Kyrylo Fesenko","85","288","2008","2012","1986-12-24","","C"
"Jonny Flynn","73","185","2010","2012","1989-02-06","Syracuse University","G"
"Jeff Foote","85","265","2012","2012","1987-07-14","Cornell University","C"
"Gary Forbes","79","220","2011","2012","1985-02-25","University of Massachusetts Amherst","F"
"T.J. Ford","73","165","2004","2012","1983-03-24","University of Texas at Austin","G"
"Courtney Fortson","71","185","2012","2012","1988-05-23","University of Arkansas","G"
"Jeff Foster","83","236","2000","2012","1977-01-16","Texas State University","F-C"
"Dan Gadzuric","83","240","2003","2012","1978-02-02","University of California, Los Angeles","C"
"Sundiata Gaines","73","185","2010","2012","1986-04-18","University of Georgia","G"
"Mickell Gladness","83","220","2012","2012","1986-07-26","Alabama A&M University","C"
"Donte Greene","83","226","2009","2012","1988-02-21","Syracuse University","F"
"Luke Harangody","80","246","2011","2012","1988-01-02","University of Notre Dame","F"
"Darington Hobson","79","210","2012","2012","1987-09-29","University of New Mexico","G"
"Dennis Horner","81","230","2012","2012","1988-02-05","North Carolina State University","F"
"Larry Hughes","77","184","1999","2012","1979-01-23","Saint Louis University","G"
"Yi Jianlian","85","240","2008","2012","1987-10-27","","F"
"Armon Johnson","75","195","2011","2012","1989-02-23","University of Nevada, Reno","G"
"Carldell Johnson","70","180","2012","2012","1983-01-28","University of Alabama at Birmingham","G"
"JaJuan Johnson","82","221","2012","2012","1989-02-08","Purdue University","F"
"Trey Johnson","77","218","2009","2012","1984-08-30","Jackson State University","G"
"Jason Kapono","80","213","2004","2012","1981-02-04","University of California, Los Angeles","F"
"D.J. Kennedy","78","215","2012","2012","1989-11-05","St. Johns University","F"
"Travis Leslie","76","205","2012","2012","1990-03-29","University of Georgia","G"
"Vernon Macklin","82","227","2012","2012","1986-09-20","University of Florida","F"
"Jamaal Magloire","83","259","2001","2012","1978-05-21","University of Kentucky","C"
"Tracy McGrady","80","210","1998","2012","1979-05-24","","F-G"
"Brad Miller","83","244","1999","2012","1976-04-12","Purdue University","C"
"Jamario Moon","80","205","2008","2012","1980-06-13","Meridian Community College","F"
"Mikki Moore","83","225","1999","2012","1975-11-04","University of Nebraska","C"
"Eduardo Najera","80","240","2001","2012","1976-07-11","University of Oklahoma","F"
"Andres Nocioni","79","225","2005","2012","1979-11-30","","F"
"Mehmet Okur","83","249","2003","2012","1979-05-26","","C-F"
"Larry Owens","79","210","2011","2012","1983-01-08","Oral Roberts University","F"
"Anthony Parker","78","215","1998","2012","1975-06-19","Bradley University","G"
"Michael Redd","78","220","2001","2012","1979-08-24","Ohio State University","G"
"Ryan Reid","80","232","2012","2012","1986-10-30","Florida State University","F"
"Walker Russell","73","170","2012","2012","1982-10-06","Jacksonville State University","G"
"Brian Scalabrine","81","241","2002","2012","1978-03-18","University of Southern California","F"
"Xavier Silas","77","205","2012","2012","1988-01-22","Northern Illinois University","G"
"Bobby Simmons","79","210","2002","2012","1980-06-02","DePaul University","G-F"
"James Singleton","80","216","2006","2012","1981-07-20","Murray State University","F"
"Brian Skinner","81","255","1999","2012","1976-05-19","Baylor University","F"
"Craig Smith","79","250","2007","2012","1983-11-10","Boston College","F"
"Jerry Smith","74","190","2012","2012","1987-09-26","University of Louisville","G"
"Trey Thompkins","82","245","2012","2012","1990-05-20","University of Georgia","F"
"Mychel Thompson","78","211","2012","2012","1988-06-01","Pepperdine University","G"
"Edwin Ubiles","78","204","2012","2012","1986-11-26","Siena College","G"
"Ben Uzoh","75","205","2011","2012","1988-03-19","University of Tulsa","G"
"Von Wafer","77","210","2006","2012","1985-07-21","Florida State University","G"
"Ben Wallace","81","240","1997","2012","1974-09-10","Virginia Union University","F-C"
"Darryl Watkins","83","258","2008","2012","1984-11-08","Syracuse University","C"
"Delonte West","76","180","2005","2012","1983-07-26","Saint Josephs University","G"
"Jordan Williams","82","260","2012","2012","1990-10-11","University of Maryland","F"
"Sean Williams","82","235","2008","2012","1986-09-13","Boston College","C-F"
"Shelden Williams","81","250","2007","2012","1983-10-21","Duke University","F"
"Maurice Ager","77","202","2007","2011","1984-02-09","Michigan State University","G"
"Malik Allen","82","255","2002","2011","1978-06-27","Villanova University","F-C"
"David Andersen","83","245","2010","2011","1980-06-23","","C"
"Carlos Arroyo","74","202","2002","2011","1979-07-30","Florida International University","G"
"Marcus Banks","74","200","2004","2011","1981-11-19","University of Nevada, Las Vegas","G"
"Charlie Bell","75","200","2002","2011","1979-03-12","Michigan State University","G"
"Derrick Caracter","81","275","2011","2011","1988-05-04","University of Texas at El Paso","F"
"Rodney Carney","79","205","2007","2011","1984-04-15","University of Memphis","F"
"Jarron Collins","83","255","2002","2011","1978-12-02","Stanford University","F-C"
"Sherron Collins","71","205","2011","2011","1987-03-18","University of Kansas","G"
"Marcus Cousin","83","245","2011","2011","1986-12-18","University of Houston","C"
"Antonio Daniels","76","195","1998","2011","1975-03-19","Bowling Green State University","G"
"Zabian Dowdell","75","191","2011","2011","1984-09-10","Virginia Polytechnic Institute and State University","G"
"Ronald Dupree","79","209","2004","2011","1981-01-26","Louisiana State University","F"
"Patrick Ewing","80","235","2011","2011","1984-05-20","Georgetown University","F"
"Joey Graham","79","225","2006","2011","1982-06-11","Oklahoma State University","F"
"Stephen Graham","78","215","2006","2011","1982-06-11","Oklahoma State University","G"
"Orien Greene","76","208","2006","2011","1982-02-04","University of Louisiana at Lafayette","G"
"Luther Head","75","185","2006","2011","1982-11-26","University of Illinois at Urbana-Champaign","G"
"Eddie House","73","180","2001","2011","1978-05-14","Arizona State University","G"
"Zydrunas Ilgauskas","87","238","1998","2011","1975-06-05","","C"
"Didier Ilunga-Mbenga","85","245","2005","2011","1980-12-30","","C"
"Darnell Jackson","81","253","2009","2011","1985-11-07","University of Kansas","F"
"Eugene Jeter","71","175","2011","2011","1983-12-02","University of Portland","G"
"Nenad Krstic","85","240","2005","2011","1983-07-25","","C"
"Acie Law","75","195","2008","2011","1985-01-25","Texas A&M University","G"
"Gani Lawal","81","234","2011","2011","1988-11-07","Georgia Institute of Technology","F"
"Sean Marks","82","250","1999","2011","1975-08-23","University of California","F-C"
"Antonio McDyess","81","220","1996","2011","1974-09-07","University of Alabama","F-C"
"Pops Mensah-Bonsu","81","240","2007","2011","1983-09-07","George Washington University","F"
"Yao Ming","90","310","2003","2011","1980-09-12","","C"
"Shaquille ONeal","85","325","1993","2011","1972-03-06","Louisiana State University","C"
"Fabricio Oberto","82","245","2006","2011","1975-03-21","","C-F"
"Morris Peterson","79","218","2001","2011","1977-08-26","Michigan State University","F"
"James Posey","80","215","2000","2011","1977-01-13","Xavier University","F-G"
"Leon Powe","80","240","2007","2011","1984-01-22","University of California","F"
"Theo Ratliff","82","225","1996","2011","1973-04-17","University of Wyoming","C-F"
"Andy Rautins","76","190","2011","2011","1986-11-02","Syracuse University","G"
"Quinton Ross","78","195","2005","2011","1981-04-30","Southern Methodist University","G"
"Garret Siler","83","305","2011","2011","1986-10-25","Augusta State University","C"
"Joe Smith","82","225","1996","2011","1975-07-26","University of Maryland","F"
"Darius Songaila","81","248","2004","2011","1978-02-14","Wake Forest University","F"
"Peja Stojakovic","81","220","1999","2011","1977-06-09","","F-G"
"Pape Sy","79","225","2011","2011","1988-04-05","","F"
"Jermaine Taylor","76","210","2010","2011","1986-12-08","University of Central Florida","G"
"Etan Thomas","81","256","2002","2011","1978-04-01","Syracuse University","F"
"Al Thornton","80","220","2008","2011","1983-12-07","Florida State University","F"
"Ime Udoka","78","215","2004","2011","1977-08-09","Portland State University","F"
"Willie Warren","76","203","2011","2011","1989-10-22","University of Oklahoma","G"
"Kyle Weaver","78","201","2009","2011","1986-02-18","Washington State University","G"
"Mario West","77","210","2008","2011","1984-06-19","Georgia Institute of Technology","G"
"Jason Williams","73","190","1999","2011","1975-11-18","University of Florida","G"
"Jawad Williams","81","218","2009","2011","1983-02-19","University of North Carolina","F"
"Antoine Wright","79","210","2006","2011","1984-02-06","Texas A&M University","G-F"
"Julian Wright","80","225","2008","2011","1987-05-20","University of Kansas","F"
